Dates,Balance,Consommation,Eolien,Solaire,Hydraulique
2013-01-06,6066.9499994859325,62335.49411562152,1916.2591933314204,451.3882073163188,7828.142651233364
2013-01-13,6718.028559223702,69715.2376704717,1308.240728945544,369.42648670068746,9169.164076567477
2013-01-20,1432.5744228402198,74918.8171884394,1409.8544469807273,304.64293469860195,10016.568840079975
2013-01-27,3477.351726230387,75855.14582164896,2563.2149745364623,352.7844548876266,9280.495338222134
2013-02-03,7541.049229688514,72339.84264104205,3417.115376019027,411.4424306618678,9063.152278105295
2013-02-10,4992.672758815741,72770.39874677297,2675.45536085948,301.49685272411347,10450.712187377587
2013-02-17,3964.048686593119,74782.52174144372,1958.190285957626,190.17659460999562,10228.876509027468
2013-02-24,2063.790337899942,74013.0726181582,2057.3167725740177,276.0457888993208,9959.39194170917
2013-03-03,-241.44088588759857,72469.73382968079,3279.326595637466,380.40157423244864,8944.454078642999
2013-03-10,5330.968688273823,68770.6875514725,2531.3234551470305,234.56175760653485,7977.264146433236
2013-03-17,1612.6803951511097,66545.23617858927,2523.8593621980035,415.3174346506592,9127.960203505609
2013-03-24,2120.43170640734,66767.49901889452,1839.1508299706677,394.59695648838243,8530.79327365878
2013-03-31,965.9742867974621,64148.695828037744,1613.7375283375857,492.1919704164381,9091.285254332339
2013-04-07,1541.403478487932,62708.02203480968,1399.0630102569485,605.7813568947075,9358.10867515796
2013-04-14,3208.511237872877,61877.16735515575,3211.4061252073247,572.840820005122,9085.33744503743
2013-04-21,7450.8085572476875,57100.012178283665,2328.656470767112,625.3723317811099,10016.960631877964
2013-04-28,6674.350203303691,53597.09827924444,731.2093848715715,669.3045662207226,10672.907042602568
2013-05-05,5692.091879789551,49950.99862840732,1869.8249498369785,645.1542130642574,10461.532279661173
2013-05-12,10095.063645114302,45580.57545785755,1831.4853089467358,629.2575252020976,11150.44787604339
2013-05-19,8621.66161795422,47293.34286146066,1844.5807876172644,573.4753299780257,11680.214101246342
2013-05-26,6363.628857475486,48911.36633334558,2231.9023780949665,662.9451910953777,11866.209766422537
2013-06-02,7484.098336420419,46507.652088130824,1639.4792647795323,862.5422082938173,11436.947408835305
2013-06-09,10037.633704515523,46069.96422359955,1715.277660776521,788.6944726880778,11341.04694199564
2013-06-16,8511.2090982293,45276.35832483418,1798.8392774519823,756.8935381437672,10202.446999989561
2013-06-23,6707.418511183039,44244.17456554592,1538.1812875512176,716.2931185438404,9687.006423282226
2013-06-30,7243.657794498415,46242.06357733799,887.5605989681954,667.8838194543466,9359.267871056747
2013-07-07,6900.152969703653,47207.91600931385,-124.22371064674222,794.2489772896238,9188.029896570457
2013-07-14,7694.656702067063,47203.02045732734,1613.460762754564,962.042197928864,8724.181429537204
2013-07-21,6857.584201314128,47756.02088591074,1314.940238867956,839.3590292914215,8187.849523865229
2013-07-28,7576.934946859409,45909.00359693386,901.1284514453108,913.6774919881759,8235.018324818137
2013-08-04,8550.989613608694,42539.29977907575,1240.9929861119085,899.5060140160434,8091.729507925874
2013-08-11,10661.82050138401,40411.54748119615,1046.9069953820401,744.3615081728738,6892.161188233777
2013-08-18,8324.134606232472,40743.05563311685,665.6541711983876,774.95451500568,5811.1324741985045
2013-08-25,7982.232315201798,43036.16475421194,-542.2478511437965,673.7113287099562,5211.378733533323
2013-09-01,6157.864922126574,44994.47268692174,-279.04465475608686,700.3640206570468,5091.904531448822
2013-09-08,7003.1015567154,46069.634615644674,2016.0690486874703,712.9446791307561,5387.949495919732
2013-09-15,7683.666933082982,46072.87818544179,1545.605095012672,711.0456224832562,5854.21696645002
2013-09-22,6827.673682681649,45227.829787343755,1229.5609727728925,628.1140574375704,6007.350138904661
2013-09-29,6253.431772151651,44919.415841796676,704.8642299356222,510.4108417668012,5785.699583613601
2013-10-06,5466.614993561803,45182.65088305718,1334.53702505844,387.9802831723286,5785.919856166787
2013-10-13,4583.097730871462,47143.25567742073,1421.717896374958,397.21564945688283,5776.976095292489
2013-10-20,4614.007565079495,50615.85867518267,1965.2168312120398,426.34061951250834,6883.493551747837
2013-10-27,6951.973454041531,53091.31546757344,3120.9400720339504,430.69652402588696,6825.3149832146355
2013-11-03,6247.303308778547,54877.97313478398,2616.9995594880047,507.1957216580908,6844.172571522498
2013-11-10,6633.871544354076,56494.38563173601,2781.6879055846402,277.75019065207505,8791.571019195362
2013-11-17,4604.830789436584,59818.90574164246,2350.171658849408,117.5880523758534,9154.785814121064
2013-11-24,1819.8065264397796,65803.95627362578,2338.9147960594714,180.51144127810892,9065.232886087679
2013-12-01,204.63381889998473,68882.59695197533,1562.3927100278431,147.06995621167223,8587.368301168633
2013-12-08,847.6191194023478,68528.21065622212,2815.504114946291,297.84153634014854,8326.193044504644
2013-12-15,1872.4945342558965,67349.82194029025,2487.398433379132,424.58992643792783,7498.4059515293375
2013-12-22,5661.70131174041,63944.781305780256,3500.1030268411587,347.07958800010215,7053.230988111538
2013-12-29,6391.421602410004,62993.45986368624,3836.6770592161315,359.2320702002322,7203.62270711473
2014-01-05,7056.293872040121,65124.25100224609,3989.962090374006,278.65196174659405,8289.767157494945
2014-01-12,9237.004645115203,65079.58712173442,2627.633605154153,179.93304238698488,9002.744417006592
2014-01-19,9412.51508765711,66885.41021013804,2198.046052108816,76.79981057449558,9144.471463979095
2014-01-26,6946.115291807407,69153.49654441068,1468.04268457195,180.42386935136696,9909.20951169143
2014-02-02,5595.700512435154,67270.65170151886,2451.9267007341878,217.06964291188297,9967.744611764927
2014-02-09,6771.599351373525,66709.31461826696,5004.031719119302,310.2362440881855,10101.55186210801
2014-02-16,6369.719165549381,65497.111975176114,3730.758781263056,331.6820631593399,10825.206170905858
2014-02-23,6703.265463794597,61925.48504827231,3360.4005779134295,410.5287210332494,10453.098659415798
2014-03-02,5889.679814273798,62115.76355928819,2284.821239665634,651.6407272707187,10612.735001717056
2014-03-09,4980.8306531167145,61915.167537640606,2037.1070384270545,633.1245016589414,9531.49062002088
2014-03-16,8578.548116904893,60007.046075899365,1031.5784220814046,796.2477286168619,9169.141010373753
2014-03-23,7670.182765230459,59722.902180999474,2914.7463344271123,556.347530109779,9260.715788368228
2014-03-30,3691.9850682188808,55930.87288030373,1639.1574165076759,595.1594176484919,9289.674469438689
2014-04-06,7534.984808079587,51860.72486767163,1337.211132708771,770.7665576229136,8079.945320451205
2014-04-13,7567.408703920987,51779.486206162925,1204.885899508234,888.1794027368289,8310.282794283872
2014-04-20,4773.031100458202,50312.48571612773,1584.705224734374,907.7895560052629,7847.981827004898
2014-04-27,3916.2194186054226,49076.399174030434,2365.4052508504897,855.5209851793719,7498.997638901906
2014-05-04,5932.607284053135,48152.93223437941,1639.293881526937,916.5463706149345,8490.06425759626
2014-05-11,9172.058069842193,45260.180055710196,2557.4662146857827,824.315365080776,7981.781273689526
2014-05-18,8407.733203095995,46215.914132612066,1566.9741333228847,1064.761392759252,8057.128608403834
2014-05-25,9234.109629001941,48543.65631860713,1081.315748727846,894.4884946982181,8190.649693225199
2014-06-01,8512.993250172878,47188.37358537187,1058.5876254662087,950.191814970086,8491.88458182869
2014-06-08,8940.90489908218,46085.21706008393,1174.9726496583176,983.2277943193362,7585.858348100986
2014-06-15,8476.809029091024,45293.77757462142,956.5933937453435,1047.713561067502,7442.642961247966
2014-06-22,8417.874949385412,45331.95878574904,1577.2912654615309,1079.8375310687904,6437.111411063675
2014-06-29,7741.989586141618,47470.403884845735,836.305208450313,938.6519999147534,6539.070447891279
2014-07-06,9766.864715141168,46756.57476878304,1410.9542853317166,997.3688037589264,7035.96046256376
2014-07-13,10575.00383407245,44388.593239439455,1114.4245040332457,865.5577238860487,8792.728785634736
2014-07-20,11928.771723013617,44370.00991886039,1201.4510035990752,890.4272660474647,8714.2575270685
2014-07-27,11391.125943075001,44461.53335962954,1090.6662424271224,763.8183804941109,8098.083303529309
2014-08-03,11742.658700433432,43459.959608417215,343.1929584906348,796.26805972546,8558.338304941672
2014-08-10,11503.032791193902,40987.38054367125,2256.7874429079834,770.6658962669773,7876.883678931618
2014-08-17,10101.21919798237,38197.793623353224,1766.6147356552085,958.86180228168,7469.163648245467
2014-08-24,9981.476868735193,38930.71024061155,1213.0659707490306,1025.1516170697553,6460.124023468069
2014-08-31,9943.965318524284,42307.78734485763,852.5092459015076,919.3051126295047,6448.913392067133
2014-09-07,8622.11233850256,44740.002866830684,775.1634436913764,991.1327364716293,5288.733612957212
2014-09-14,8195.208946355402,45489.39149658836,2437.907967713527,976.2734180486794,5113.948707235972
2014-09-21,7664.685590386834,46131.71521834848,2184.5151545597955,993.3007404762526,5394.595402625051
2014-09-28,5469.430268043941,47505.472747066575,1701.2054869855397,915.2371822772408,4818.428824688391
2014-10-05,5721.730748632876,48229.35552564495,1257.4305724844367,801.1659448350559,4670.899072586915
2014-10-12,5076.603073600745,48541.10380734293,2204.6928758003633,540.504845444096,5049.952439710902
2014-10-19,6497.987662967264,49090.216043503584,1452.5102554589885,524.832033307371,5535.036358864222
2014-10-26,6097.102157346675,50407.65423184307,1061.4668637426341,508.81744723375436,5613.315870242327
2014-11-02,6407.203167068781,54064.40886781902,1777.5593499663266,544.3003506236862,4166.126512412105
2014-11-09,6433.726303717935,56021.504177776886,2639.5410989139677,473.5758394280944,5760.600805546478
2014-11-16,7610.792306233082,54627.08371933249,3455.5948588476717,409.87133763814865,7012.973281106017
2014-11-23,8641.425309714909,55622.71981017226,2176.57151637846,267.51680955413923,7509.768600394685
2014-11-30,10079.923002685406,57955.07825001082,1290.627162140435,136.98937162305734,7760.139924521546
2014-12-07,5479.435916832116,60366.84164568428,846.5996718390627,186.6367294444766,8152.256873902663
2014-12-14,6164.42800782272,64336.46081952999,2880.3149691086733,146.0567758166421,7363.773920775507
2014-12-21,8554.537903816503,64406.6329515728,3711.8945117457242,229.4644355077228,7967.236853440999
2014-12-28,7514.236422272221,62897.16368931627,4091.9176072055016,248.4979562790467,6560.779312000478
2015-01-04,4385.854187719337,65612.60357831343,3035.954431470011,435.96656395812767,7417.7608534993005
2015-01-11,7580.739186043043,68364.11464707667,4953.408099986551,363.2780380576041,7933.149005838464
2015-01-18,9132.435255600718,72275.78975050504,2649.907302297365,408.2842234386017,8423.655550207706
2015-01-25,4844.864832752127,77112.32341649052,2139.742434071299,358.65446848023953,9275.550642626244
2015-02-01,6497.714739653397,76406.8631028948,4362.21085769105,319.5580078409754,8706.293791190035
2015-02-08,2777.865617616696,73838.82298984542,3484.902131259223,474.1642679531158,10163.324662686526
2015-02-15,4656.390762881613,71080.94267389861,2639.526899073139,540.3202933665439,8588.483606496236
2015-02-22,5571.924887278446,66607.23210829192,1763.8020864005339,628.2716876476392,9184.26007615664
2015-03-01,5701.580376991095,65031.716618191946,2906.1571833549724,499.273350799192,9299.808850061043
2015-03-08,5969.457512972707,63213.09211893293,2194.789068514059,645.91878248343,9831.302279710864
2015-03-15,6638.239100214135,59852.65568285122,2995.9243322151247,618.7692888490585,9034.35921385164
2015-03-22,5810.539696851844,59692.735099640915,1279.9321106447403,696.5557224922662,8252.308592014224
2015-03-29,4763.760700720809,58190.046733630435,2753.0680573146374,806.721864673195,7485.548555944765
2015-04-05,4585.570363645725,55351.62528056485,2593.370129024179,890.1099764390298,8678.42925055705
2015-04-12,4872.247684136436,53689.5948206258,2832.8648925405837,1054.5485081691318,7608.005391619724
2015-04-19,6625.814428584374,48863.95171331595,2295.9675710453594,1104.847751752147,7826.401012685208
2015-04-26,7239.590593022847,46367.703363650566,1982.7920210762406,1105.7365493918346,7100.289717763313
2015-05-03,6840.9773361534935,48584.0132241818,2496.1005522229884,899.9292077777538,8842.399251346184
2015-05-10,6921.966438539336,48100.12699740797,1887.0633441240145,1012.2706858256968,9208.413295122396
2015-05-17,8455.893970722324,47804.75423175373,2138.3727303408273,1172.3408343845988,9411.282200574222
2015-05-24,8329.241429303182,48139.76294458991,871.3050020186315,1261.2618284320877,8755.483139539538
2015-05-31,8295.632050147276,45038.80200761546,2007.7518192176267,1259.5212485890113,7322.818101750593
2015-06-07,6987.294827805804,43941.65222946027,2924.523756288375,1141.8819755884722,6984.483303691943
2015-06-14,9495.95712486905,44937.58640003719,3136.591080080759,1203.1850768751158,8135.359976834825
2015-06-21,10036.592057067297,44723.69180134016,1491.2112639533532,1306.8911600492524,8918.659987484512
2015-06-28,8041.798407097452,46551.20215316325,2460.873668135759,1471.0954897359204,7239.7660524955145
2015-07-05,6420.022604376834,48466.50193320333,1257.324044833016,1443.6006703423761,6815.905906936629
2015-07-12,8760.585708302588,47379.57480367318,1276.9287969947939,1276.241650895322,5546.739375269566
2015-07-19,10124.684693532878,45730.86497414781,1287.0028848492925,1288.0847099578418,5246.678746779923
2015-07-26,7200.938624604131,44618.77113156642,1987.1722140586153,1204.8730349927546,4920.969147510411
2015-08-02,10033.223840345634,43722.30113262376,3253.757563167184,1123.442042702204,4421.357366982781
2015-08-09,8202.572101103871,42665.45364865734,1302.584740967474,1046.9133191447006,4411.39428173767
2015-08-16,10699.94672802207,42050.62073702975,1508.101105760367,1093.0391626581256,4875.172514978442
2015-08-23,9997.68255095555,42829.18088383769,1640.304701648551,1076.4992373107282,4428.112013604946
2015-08-30,8167.206610677281,44141.59788772139,1973.7273085514125,1087.840678027717,4830.886155130062
2015-09-06,7937.051829157944,45924.29421752582,935.7956113782147,1067.1829613812117,4281.415078525195
2015-09-13,7811.7685755020475,46819.05009345517,1056.537109719946,839.043262037559,4676.585377646932
2015-09-20,7750.13083342281,45697.59337910821,2659.472005302737,985.512223491225,5472.325881603112
2015-09-27,5395.531284484059,45867.36226697718,1893.6731668887892,978.2165834008481,5080.69571360508
2015-10-04,6382.010225779967,47912.13476964912,2047.8113420423545,973.2824321295733,4334.244055377776
2015-10-11,8264.375514818566,49801.24980178086,2582.0174230796206,808.6209633003302,5267.114569331048
2015-10-18,5481.309524605348,51421.48481256096,1717.4438516489934,670.6938577708397,5572.643621639339
2015-10-25,5966.887029228003,52480.96682028193,1490.6514769066039,626.1987872762109,5028.392359141548
2015-11-01,7195.108785737294,53623.32009898012,1841.6820974195357,539.5712364998087,5060.485486864066
2015-11-08,9497.480323611408,54235.63906688623,2348.834643430409,561.2810910614711,4362.952640499538
2015-11-15,9220.186196387673,54876.24791028326,3419.6295962480613,441.49494274105706,3869.0888794161538
2015-11-22,9002.249791415454,59187.84062262003,3478.361201646259,507.24131397298163,4869.260903367884
2015-11-29,5349.579234131446,63987.36043779359,4366.864523465651,499.90318724402727,6557.351872090997
2015-12-06,7399.554609334518,66053.10598176497,4085.196288012162,632.6356521809507,5877.828302603093
2015-12-13,9101.519533901583,65766.49351740384,1391.5251447682476,423.8605509864686,5452.845481252448
2015-12-20,9875.17510880836,59610.76747345334,3157.347569456587,268.4024751156768,4962.888122017611
2015-12-27,8692.913738968715,54725.97006843278,4979.805451342862,257.29412091627927,4006.248133282423
2016-01-03,7805.885459951106,59450.31499907376,5349.472072717786,174.5177741713117,3725.248977217064
2016-01-10,7126.470590745897,64486.65018157063,3874.05784075848,368.87901462476174,7533.256349569963
2016-01-17,6779.402555656364,66976.06377507366,3696.7564008890354,500.58217634979445,8720.077891991368
2016-01-24,4457.854092180839,69356.94136446116,2206.466925026042,519.8617432948624,8909.487938413207
2016-01-31,8940.816663488284,66676.80127072976,3458.94348201614,462.8660243458791,7089.291588888303
2016-02-07,9925.069619065242,65070.122713180775,4523.437495246147,487.6425470098939,8537.25457487284
2016-02-14,7574.947817309189,67587.89745553039,3363.0076077173026,355.68283671154836,10237.663422484016
2016-02-21,5154.0274944539215,66266.50551270731,4230.2809323756865,483.6812829918081,10153.200886150567
2016-02-28,6402.559090166783,65383.74599574093,3087.236155740123,618.1991751255349,9934.343081335686
2016-03-06,5150.473601484585,67354.56757463797,3439.783262639763,796.8633131671498,10099.358853473204
2016-03-13,6073.85711183079,66676.08149023817,3049.6200274584803,947.7996722228394,9696.63872040814
2016-03-20,6838.0767185507875,64933.07506016629,3136.659169190111,1006.133026098678,8922.42108461201
2016-03-27,5168.958829811984,61306.41904141641,2381.124827906873,1033.2375414899418,7533.2991333971995
2016-04-03,3377.8428631193246,56392.88694212195,4269.4204306672755,972.5700980070014,7639.102319665927
2016-04-10,5569.431056920918,54860.59768329414,3040.320531544121,969.5060873073782,9046.93363621759
2016-04-17,7665.757825073921,53776.037084397,1805.0916066925788,1026.7853299566127,8602.694079312441
2016-04-24,6023.095220738291,52385.42606527719,1982.4950080298152,1163.8345591708994,9682.158965309342
2016-05-01,2632.8312912335455,50771.58012212269,2444.9514597383654,1092.239419664059,8471.41248048844
2016-05-08,6800.424396179967,46470.11671649931,1371.2856325248263,1315.297023297723,7535.178556468055
2016-05-15,6702.360338712376,45060.220245822726,1358.5463345815845,1204.3580492425087,9152.445393586415
2016-05-22,6808.298253799997,46404.79055612127,2908.6634661024127,1237.7046500087238,8665.015625395881
2016-05-29,8709.742439470643,45518.3601093186,1436.5116055198398,1295.9602111310346,9597.027958288549
2016-06-05,8346.804984234303,46755.70105585724,1626.0079209655237,1147.845351200919,10528.832775286992
2016-06-12,11513.294375064916,47929.18219142233,1433.6955055508083,1153.6158739348496,10305.778057507661
2016-06-19,9295.514904752357,45185.87563109994,2423.8177403151744,1227.6630644858667,9858.214040814599
2016-06-26,8803.160782671192,45035.12105241341,1843.913093409486,1396.8791079728824,9725.025284691112
2016-07-03,7678.70583495505,46417.91070460046,1497.5627509534725,1322.0945977405377,8958.749008594095
2016-07-10,6613.46325368598,45524.12076691033,97.861279230626,1443.237649803697,7519.251095482983
2016-07-17,6400.944770722566,46341.42866032904,1552.0934924042579,1220.0213044915597,7098.194415847306
2016-07-24,3490.5314100317246,47365.51700859303,1475.158265088198,1359.3716634223936,6675.914166736866
2016-07-31,4893.945206662866,45048.156265673,1402.4483357544937,1427.0288908364832,6411.769087397198
2016-08-07,6330.626831248292,42510.33664084896,1834.8223576581074,1442.9157825454804,5916.16860572778
2016-08-14,6541.916767534137,41551.3787038763,833.6737506060723,1497.624060928266,5204.605729388352
2016-08-21,4923.344412927456,40885.28058355865,2628.8419780783024,1297.7307769391664,4738.600488019706
2016-08-28,2398.1929487070884,42344.19266045201,1307.9815785375447,1443.7307947852216,4996.716318483244
2016-09-04,2414.638364992423,46890.06427535535,-117.99498725030186,1318.5712667722055,5029.616895433614
2016-09-11,2942.895807275211,48465.84713973941,2475.5580818205663,1256.7545907115746,4830.5830299737945
2016-09-18,5377.981962467636,45520.75201888397,2251.4634540323545,1129.5571529481979,4898.768861890936
2016-09-25,4416.4823902372145,44738.608030463736,644.1951386716779,1143.2865000023044,3960.4483253702356
2016-10-02,4010.866131733148,46315.416706267875,2389.54313430872,1034.8210156688021,4284.134636916647
2016-10-09,2217.0207807154566,48679.8926268716,2085.6704119731417,1097.5537767520539,3893.215398417041
2016-10-16,-333.83543656998944,52867.80113071019,1725.8012665956676,1060.3393617878558,4205.6587799279005
2016-10-23,116.63613930511958,53845.53669049837,1929.8173008757606,818.7099185546551,4450.311905469738
2016-10-30,718.1424041743887,52185.44114398607,1669.5410428291875,944.3475576910238,4359.848576576888
2016-11-06,-140.18817406002844,54439.47571803568,832.2324715343256,695.9223062005804,3640.18474427785
2016-11-13,-2296.21004628154,58754.31603265996,2790.844024915633,498.22348703175544,6096.338041638685
2016-11-20,2017.2943741983,62766.84634452197,4096.263648701765,360.5299034797661,5760.113517527749
2016-11-27,4795.023343743912,66264.0636014566,2598.1191775541847,306.0163798273236,6967.357983866059
2016-12-04,-720.5409490624784,68225.42632216113,2378.519815498592,415.8893072659299,6641.853624776513
2016-12-11,-165.9966076232823,69660.71957433865,2214.791534347162,510.0157371280873,5991.967005520031
2016-12-18,-1001.7115565858903,68668.5541591054,2278.0593229198366,459.7951990957793,5721.584497328804
2016-12-25,1422.8374557505401,66979.91806088306,3283.250865154103,401.6214298416082,6130.264178820964
2017-01-01,749.7359994152562,68995.19620738781,1422.823078115356,429.8016271709529,5917.813393125981
2017-01-08,-3422.5014288349694,71352.62101480098,2743.5949689338895,487.34454761155405,6530.17615087415
2017-01-15,1104.087688305072,75221.3880345247,4456.9623952877055,577.5342428849705,6541.26357700052
2017-01-22,-1930.6963251308696,79701.24849693879,3355.5064503281533,462.8136251668797,8087.715217732331
2017-01-29,-211.39614742194541,76020.64641118281,3843.7266022075846,433.58471053837496,7153.996944448194
2017-02-05,5968.548679002821,70896.125932122,3822.0480024758403,575.4551145269087,6349.236334102488
2017-02-12,2145.7040750958813,69452.76343191277,2972.414454170581,555.8996721400624,7681.261745982442
2017-02-19,5561.05339866197,64061.03076909797,2915.510082799805,692.1513383740465,6377.370762044354
2017-02-26,7251.865719650784,60861.818554453384,4968.6122167656185,828.4143927366619,5740.479923218366
2017-03-05,6775.897217766151,61854.92517252862,4694.939413027224,745.2121545224434,7190.80386539349
2017-03-12,8030.6911968676895,58164.110629971176,3158.202128045502,936.4832246590169,8841.14478231669
2017-03-19,8372.611380317267,55217.21401147044,2445.6049861265747,962.9503352344423,8416.369598815987
2017-03-26,8613.550148108114,54332.61050190991,4144.667121574443,958.5913354797037,8532.79810172885
2017-04-02,9807.847790266564,50318.60356575298,2493.980407268836,1152.5571509755887,7498.244862019909
2017-04-09,9832.141144644193,49651.42851708487,959.5483524604857,1343.7786189728756,6603.7063959306115
2017-04-16,8248.971663566896,51888.90603341351,2311.6752063993367,1400.9454473966373,5607.43804170861
2017-04-23,7119.165324963789,50704.81862899838,3501.685794476204,1405.1055459908482,4983.649578139343
2017-04-30,5354.214511152918,48370.85881955729,3381.9083140493726,1317.4052198123886,5293.42395227398
2017-05-07,7737.464703280657,46505.10505546002,2691.873829330947,1265.640152704362,6964.075103807782
2017-05-14,8242.928585610947,45707.408226677486,1397.2280496656153,1448.6992663056863,7795.291577277386
2017-05-21,9921.790521759125,45524.60132143696,1875.3044520403732,1497.4336378466805,7886.609608375226
2017-05-28,6980.306790957401,44110.43995812001,2111.611979949376,1655.873115261151,7701.7461945363175
2017-06-04,5141.050902944357,43769.57775937557,1373.0163683567253,1617.1429317333243,8331.611871013163
2017-06-11,7515.44623295695,43935.39232181732,3016.299169882389,1572.4594013381013,7543.671679800922
2017-06-18,4067.8485712482498,44120.10137806883,1711.9842895993165,1645.12865144843,7155.288993275588
2017-06-25,3491.9926766973826,46522.120638747176,2000.121771237429,1498.069471024244,6461.587626641901
2017-07-02,4250.049278600818,46562.59159008221,2648.6688982703236,1426.8906171103138,6220.560543701242
2017-07-09,4198.53474514027,44575.3650512696,1590.1623795024045,1483.500050463143,5925.722183402033
2017-07-16,6966.754808398805,46445.08151143905,1364.027355215358,1388.3264925768008,4861.030154517674
2017-07-23,6949.649452955293,47421.809705684274,2781.5702561116955,1414.980754832664,4737.554374803897
2017-07-30,6966.659375980299,44609.81846521741,2478.733524700594,1501.0930813628106,5163.81534725959
2017-08-06,6085.565586990253,42856.203683515254,2672.636741730462,1357.042425357982,4858.565635303858
2017-08-13,7543.197604419021,41491.4912462079,2124.1659104195255,1365.4850399441782,5017.215746470891
2017-08-20,6320.291687410473,39770.56025905452,2124.883037423963,1371.9935221489968,4910.2364188088695
2017-08-27,5774.179475298089,41082.29832962917,1733.099920285295,1286.268407655491,4308.200103263841
2017-09-03,6043.355434803931,43751.59165171315,745.9504087507908,1257.2823726979161,4260.724558962019
2017-09-10,7471.0217615124675,43995.08746430227,2453.6297299585544,1274.2750437594698,4539.739558242701
2017-09-17,5685.447878354413,44996.03142426784,3318.5708158859984,1107.1571647914236,3927.6210702151493
2017-09-24,5335.71098868461,48484.43428771374,1345.4089979540204,1121.836182628004,4188.7678179497625
2017-10-01,6248.2715604628465,48610.71632836158,2098.8369276157237,997.3220493929836,4113.869379986606
2017-10-08,4761.311657668437,47301.67207091688,3006.282713575202,988.0139552473221,4246.238747277625
2017-10-15,3524.907039877399,49754.40748535025,2398.4331042102235,1001.3991058937733,3733.9418427077835
2017-10-22,2802.403432195497,50595.648417621785,4259.942993800316,838.4489272126673,3266.2400911902178
2017-10-29,3162.41292948712,51301.56274816003,1799.4430505939788,931.1693954928454,3622.3149310552935
2017-11-05,1404.010555253003,56729.06940754561,2946.7464051500483,728.7393199979887,3645.0751935621247
2017-11-12,-1796.3655241490578,59683.76170514201,3903.91431281392,687.1315515655102,4855.867827263148
2017-11-19,-2666.6582110054537,61213.42170962322,2995.1680823714773,599.5551670095028,6751.340442263887
2017-11-26,650.652106859334,66333.57775029803,3401.273303210048,579.6983755298904,5010.438743969733
2017-12-03,-2827.671798610476,68604.52099170088,3575.2031160660163,444.13996256735663,6700.479111169499
2017-12-10,-1307.2960670853222,68358.87615494311,4334.46040142116,515.1329882744715,6773.860789659935
2017-12-17,1677.0199697548962,68505.73696347013,4773.19371491594,380.32872831215843,8117.123690217417
2017-12-24,3067.8737273625343,66081.84054732225,2995.95766040473,150.46151619899345,7252.362417984547
2017-12-31,4175.863113852092,64692.26951282454,5479.529420732416,367.75896874515,6571.718275578663
2018-01-07,9346.396799660408,66625.35217366341,5160.418837890738,271.43991703962985,8728.84521521377
2018-01-14,7965.875912269784,69615.84112259242,3353.7773736927047,520.2720669911574,9480.395217646965
2018-01-21,10128.472339990483,71815.13464989878,6745.440337607952,446.91921504273506,9894.751215070979
2018-01-28,11977.597027152615,70215.54794006569,4547.5508322907235,413.52207419388384,10479.481675328581
2018-02-04,8378.478882236814,69757.1521561261,4191.159156204623,413.1607901170786,10236.652223745088
2018-02-11,4894.309963503972,72977.02526805729,4348.531415298189,590.0325552058872,10549.780102139497
2018-02-18,6883.1569881504,73384.1152005432,3735.1177531796275,826.2538833898678,10186.72430776103
2018-02-25,4505.986233156964,73432.80575916187,5303.746758483376,883.6611520600252,10651.757281705262
2018-03-04,25.11185506317773,72392.46704631635,6674.956609860863,998.6439407134012,10918.348599670859
2018-03-11,7855.327938008611,66509.3148309482,3999.890344627668,966.153274678884,9314.718907927287
2018-03-18,6402.402516646666,65861.49097551276,3981.907894361659,1197.3512589569225,9450.188102694998
2018-03-25,1472.2378726812403,67738.01483776412,3351.246603961964,1063.3338532827704,9214.37366441133
2018-04-01,3881.6593409186808,61643.66928951353,2662.3054082827084,1201.177358697355,9171.315625024827
2018-04-08,5882.607117768027,56256.21688362238,4229.042803928327,1234.2579135652288,9283.026205430268
2018-04-15,5860.284518302015,53585.02832958219,1665.5472677424302,1277.2329351813557,9670.146847627106
2018-04-22,10167.439675797792,48742.363125558986,1712.8937885563591,1515.0144392802342,9644.39977766341
2018-04-29,11179.905486031257,47934.77102183172,4212.682936765589,1495.6428820755457,9386.727235170658
2018-05-06,8958.269897543658,48456.9189019594,3220.849148240427,1487.8754995860154,9919.609162917577
2018-05-13,11097.708609982103,45301.59587521265,2197.1593140627238,1599.344000696401,10091.893292162387
2018-05-20,12489.02885081212,44742.8164183251,2780.2313679221975,1745.4426570559033,10794.039688611307
2018-05-27,10878.629479159747,46216.899717398825,1082.8671711280228,1621.2650180930316,10106.025157038626
2018-06-03,10923.574694740342,44833.283863006705,841.7804258771672,1601.537362210256,10615.218764528918
2018-06-10,11680.097663649956,42828.70521541399,357.5177676448814,1499.5220035488442,11307.94444878421
2018-06-17,10664.882936777607,43190.47343530455,852.5117272553765,1675.6863087457084,11021.484032214508
2018-06-24,10482.258968841506,45031.71968199205,2675.473309089671,1968.9667791872603,9944.455734837871
2018-07-01,8807.939111837624,45785.05225127925,2375.718587081184,2094.967804299104,8987.944096967092
2018-07-08,7675.345284144961,46337.04871510326,1702.8090603747978,2023.4936783350752,8036.075698370493
2018-07-15,7871.1730396920975,47406.90513094186,1622.8132883172743,1888.8027277285728,7271.258048036533
2018-07-22,9989.787799557445,46970.96022639283,1931.9868334172784,1861.9585415625659,7040.572236968728
2018-07-29,8121.3240656193275,47180.7921657213,1950.6300146644921,1905.676385513998,6320.460013575443
2018-08-05,7340.678174090362,47444.41714396734,1759.0138894507159,1845.909295905553,5727.493561780601
2018-08-12,7318.599908029204,43702.97460373227,1889.868390465497,1757.2669364218916,4939.566183541429
2018-08-19,7917.429769751072,40729.17897225221,859.0508125038419,1831.38686261022,5294.375635411924
2018-08-26,3695.488409429906,42245.690497447955,1254.9452337670114,1720.8448223222706,4998.330887179842
2018-09-02,4485.8136951184915,43765.40318909019,1267.4561890054165,1801.7761665906692,4762.404266067109
2018-09-09,7748.5476180558335,44033.660247358785,1319.6828425764895,1697.2974377514458,4035.304916974454
2018-09-16,8986.250654202755,44696.38162126954,1810.57376162592,1573.092608086404,4517.659311567261
2018-09-23,8418.333616594715,44686.68368404463,3671.67043164957,1595.921004014723,4308.379543549983
2018-09-30,6687.5025251050665,43790.06253105257,2948.2610173593985,1627.8126305341164,4104.442890087708
2018-10-07,6370.125757479117,45604.41690341229,2789.7711246719327,1442.5819167686361,3702.4309376767756
2018-10-14,6186.455447177174,49790.21122974227,4452.664598702042,1169.0878857701498,3444.3541406630993
2018-10-21,9132.704178742872,50899.332063985086,2852.294708088714,1015.3313396594759,3666.8964261072215
2018-10-28,5365.36094648279,51806.532996560105,3002.606768155895,788.9389483992856,3942.3197468708963
2018-11-04,2534.830003187314,54817.2339583744,3563.7028531572264,861.9923194121644,4871.171339645447
2018-11-11,6488.56486684083,54343.58802694719,5341.1923688054885,767.134677708382,4835.992550169638
2018-11-18,3344.366820531371,56069.65406009465,3217.71569666213,677.8026006963751,5169.297860922873
2018-11-25,-2812.255873589086,62752.7022952836,2361.0904238990274,531.715201998863,6366.411734044009
2018-12-02,4361.344765969499,63656.73285346311,4374.233231457024,415.68811495500614,5643.351892609519
2018-12-09,10406.768420809054,62706.814674421454,6122.998147017561,388.4059823691849,6526.827502841576
2018-12-16,3586.846742326394,65094.5971217736,5094.191186960075,257.80030662967374,7628.27722711312
2018-12-23,9015.011021418004,64073.0178315984,5707.973439141266,338.67379100207796,7636.89534673199
2018-12-30,5926.566149872451,64653.494557870676,3401.079129088446,463.55487965583484,6477.895298401562
2019-01-06,2561.8510951819567,68790.64373115564,2721.925311433537,595.4655973165129,5355.607977748618
2019-01-13,2401.2054500659647,68988.8670246293,4992.124781172197,635.9126955655527,5925.117548312418
2019-01-20,1674.6433126694906,69756.01423839228,4085.4581253968067,616.3031340579146,6757.57617677843
2019-01-27,1237.576457565125,72500.21320604527,5068.68045593076,523.5493463478072,7469.809174240742
2019-02-03,3093.3227045097397,71761.32173551533,4628.250005606993,595.9382913022768,7921.047689631951
2019-02-10,6571.346791886583,68861.66702829112,6347.740822740622,989.8019478530916,7335.693007527124
2019-02-17,7279.350222675149,64394.89109360939,3972.1029490932365,1229.0310898034843,7861.768773878485
2019-02-24,9564.838997382998,60497.871603156134,3777.84026400955,1378.7872539943041,7372.273044521639
2019-03-03,12269.679153238103,59239.105289791056,4947.950150182927,1386.2602317485662,6889.722018433944
2019-03-10,8567.783537520689,58429.9330049566,7761.270533263805,1236.2764133368967,6818.420208214603
2019-03-17,8776.00924361377,60145.12305825581,7801.306635706821,1324.9858958341179,7557.193657654384
2019-03-24,8029.44200145464,60958.33171075749,3785.197856561651,1457.5983751322974,7375.081228374292
2019-03-31,10507.39675798011,56759.832496406685,3049.4818565829405,1647.220924765098,5961.61912781401
2019-04-07,4407.347174382503,54781.95361665545,4444.979401155029,1594.657723580952,6754.433701062937
2019-04-14,4733.1134079405565,53409.14759607132,2971.1709340892044,1596.5507408955214,5995.555055990295
2019-04-21,7396.441736056076,49752.74256335672,2696.1513103512575,1592.1220622440119,5619.367853122806
2019-04-28,7820.5359206510175,51002.14331006176,4405.081605690629,1545.9861005476257,6147.74397611216
2019-05-05,8303.879616423119,51387.656826369726,1636.1733212236895,1687.847888723493,6905.552429681123
2019-05-12,9298.415223074137,46479.65565518521,3688.9677372033275,1761.2294039016158,7452.429225969124
2019-05-19,10726.872772130853,45528.354829096555,3349.9039598847044,2023.2645956698827,7213.933994338492
2019-05-26,11071.499972728614,45915.06221710586,1533.8356400571504,2047.3888716643241,7719.35865573816
2019-06-02,10065.14352115173,43318.46195249023,2343.5432453313792,2120.4988501587914,7716.994506172832
2019-06-09,9525.167082100586,43661.80247119883,3071.1433068533656,1850.7372891288,7905.336634200062
2019-06-16,11066.322011998802,45364.70721899125,2019.400456301019,1741.3287162974848,8487.859851697782
2019-06-23,10823.630098875325,45283.45800756462,2328.115857185328,1949.6095449472186,8349.359386775257
2019-06-30,8758.099279560623,46661.33490894653,2760.2973395393774,2112.3495787461757,7793.810167519857
2019-07-07,7736.215937478913,48131.21639521918,2818.108528401145,2288.3192884276336,6879.938171710766
2019-07-14,8879.03199477576,46271.14352376779,3107.576491822884,2130.420119099472,6210.355755591779
2019-07-21,8055.940505054935,44322.47501516931,1037.9219147593578,2143.0805655631693,5122.733418228753
2019-07-28,5171.408799612783,45196.29121343744,2636.090870438275,2002.8310711846916,5353.61895709279
2019-08-04,8284.585515829169,44185.077412496794,3544.057725283107,2132.5026748554824,4816.259470812269
2019-08-11,7905.381914696573,40417.06463145699,3385.7974220412784,2031.9478689465993,5265.470247695163
2019-08-18,8582.94636828581,40027.51683591068,3695.2028528961273,1861.939255531346,4730.476119643136
2019-08-25,7968.657480745253,42082.985463046214,1491.741809218192,1871.4026224934653,5492.36628353892
2019-09-01,5937.929726394702,43767.00256563637,1541.239210745114,1922.1575015718336,4932.674341037428
2019-09-08,7677.189742775121,46027.76826162616,2077.3970157034337,1934.5104905342419,3966.899172135182
2019-09-15,7433.382415414021,45486.98814756642,2162.404524741982,1657.0793568626698,3789.198277308125
2019-09-22,5937.694152756308,43239.273753761474,3685.3929623950257,1531.1989874884955,3316.142534863778
2019-09-29,5894.212669208882,45164.60239210838,5249.318801549274,1298.384378633813,3176.688844777354
2019-10-06,6520.102398837941,48653.613146564174,4672.165953257005,1333.5036537190165,3406.5083721891488
2019-10-13,6667.607783589723,49261.933611757064,5649.863352582744,1224.208547584289,3670.1257587161904
2019-10-20,7106.930202954652,47840.560769714015,5585.869533701992,999.0673887532519,4810.900674485248
2019-10-27,4637.209546156134,48214.06507489257,4093.3108501847655,771.6195326905225,7073.099641059769
2019-11-03,5029.539121476665,52022.90072246715,5651.532023341631,746.5982851864984,7052.941536940452
2019-11-10,4133.528022027974,55745.63392292158,4868.220392226438,787.0842208463873,9496.465670369156
2019-11-17,-983.6297327490186,59980.739692494644,4324.094114168048,697.2270789976847,8891.610576277495
2019-11-24,-2195.0679771303303,64782.00822140528,4630.2880985953325,617.2762790342169,8905.618772071713
2019-12-01,4650.260574722561,65758.31067835602,5413.288951525184,548.3088039601032,9362.693992669729
2019-12-08,-186.50757830316027,67390.32691519069,4746.474339195274,600.2438436829256,9609.775492667359
2019-12-15,3408.1253127507853,68657.97538612326,7647.628303519161,558.2048665440334,10195.650159747367
2019-12-22,7685.461584593818,62425.90341012201,7801.741797223913,625.5078933419016,10990.894683268863
2019-12-29,9883.182532583092,58896.53305757434,5143.971816421677,470.0088008030577,10780.967316911274
2020-01-05,4379.313492998172,61709.514782635124,3440.4168247959033,579.8402946314213,8908.836757293137
2020-01-12,6670.770526003903,62138.294280088805,5779.418631495357,713.7674429830898,7728.06993862622
2020-01-19,7552.530779158219,65013.925438767685,6586.18816221659,745.1874415255387,7625.24638682361
2020-01-26,3489.811665080117,68424.95754628535,4583.045349562742,655.9106626972903,9889.892742657226
2020-02-02,8500.912483567914,65004.01166293895,7654.119680116858,692.9635576463501,8491.915499942568
2020-02-09,10386.668891672025,63460.41045720447,6503.358465600526,819.7847112877569,9130.203041040011
2020-02-16,10493.24613621485,64430.77316987898,8101.772522864411,888.9708694587971,8854.373982439589
2020-02-23,8357.007087118596,62225.91566267812,8427.998851481345,1094.4517223716982,8531.968431573328
2020-03-01,8795.073031394668,61340.286777149006,7519.579652879641,885.5426987809514,9671.396463220522
2020-03-08,6985.492507194782,60219.84512865714,6463.206326406847,985.665944115785,10687.576802474572
2020-03-15,8277.091315946107,56310.06650324761,6445.311810047319,1124.6156416731792,10543.799700605583
2020-03-22,10212.251338798,52875.4053557465,5716.550729370308,1542.3677466740485,10004.735199754683
2020-03-29,7341.32549345919,49547.541849688045,5432.782046322977,1834.5009866095518,8334.228906427788
2020-04-05,6964.65179813109,47001.398288004275,3867.059107093522,1919.0306158752996,8362.072830906674
2020-04-12,9686.722019470166,44776.64870333284,2923.1443576467004,1914.8728158306014,6761.700922879373
2020-04-19,8793.804518475235,42433.7466024483,3405.031533143033,1669.33595356587,6131.54711680659
2020-04-26,6388.358426014443,43493.45588002069,2880.3845610777084,1629.9701124755231,7092.06574029908
2020-05-03,7187.442237179465,44142.27690179303,4192.365828059062,1570.4162141690815,7604.926948284581
2020-05-10,9706.105254495884,42412.786098391196,3628.623139639469,1790.273954384395,9104.916818301812
2020-05-17,8833.372454630322,42812.748693066045,4824.393247771563,1833.9889408895224,9983.547521060176
2020-05-24,8673.735086506375,41796.53663829376,2745.5501849803723,2146.9995584631915,8955.237288590264
2020-05-31,8560.702730403367,39819.61545130507,3324.06217731561,2213.9388278570577,8278.215950303796
2020-06-07,7362.9640207147695,41770.80937977184,3539.818901020493,2057.544217891329,8253.85609040819
2020-06-14,5851.224527185955,41903.29959280564,2094.6532312470026,2073.46580321168,9450.190800744433
2020-06-21,4660.768881848886,39950.300956398605,1576.8670279072446,1921.9934424858227,9619.3746280082
2020-06-28,2559.3248390119493,42338.224517332055,2950.669764096556,2058.8797595032897,8129.9512801520395
2020-07-05,869.5707548900356,45377.67411027284,4050.262299019727,2250.7278901729983,7526.143134502062
2020-07-12,441.8935659622397,45682.64155509646,2975.180204130666,2386.402351960218,6814.072708105683
2020-07-19,3200.707117217656,46063.8966396136,2395.3317544584593,2291.514919987016,5881.998028916226
2020-07-26,2511.5122865592807,45678.17626024987,1898.162084727218,2244.1917917614114,5430.916308099077
2020-08-02,1824.2486954369497,43203.68606717839,2675.3613005052052,2164.8129867864827,5601.135714901359
2020-08-09,2779.2486824423195,42072.5792563532,2128.062265556197,2072.2786596905758,5693.99403584126
2020-08-16,2638.2423162438513,42543.52926729007,1727.3242261946154,2022.4625831841067,5116.243859188007
2020-08-23,3388.497366666495,40790.622105994895,2895.9536836804564,1878.415430957409,4546.079824491202
2020-08-30,506.62258005737164,40244.60140441823,4140.071935057878,1920.8232956669158,4285.209884546401
2020-09-06,-1847.9537652514084,43588.98443873589,1862.4353616488902,1899.1816561666526,5010.605671891193
2020-09-13,-2650.8548220593148,44409.24366992175,598.1442638688318,1833.236912079458,4029.755601384307
2020-09-20,-1460.352627548344,44159.80300410306,3890.021110927641,1672.639560961152,4245.103039763269
2020-09-27,2259.6502981267463,47410.63768070525,5445.851017605649,1283.0921329460925,4663.9119742882785
2020-10-04,2507.437324034781,49496.74932539471,4941.561628216294,1247.9517167968247,6408.842038920532
2020-10-11,4078.7041142623975,50957.50209785808,5160.176381315705,1272.9888689934032,6729.319578345774
2020-10-18,1475.412228067082,52859.3047942015,4505.469997269635,1129.5173886131424,6787.352764551367
2020-10-25,5157.2556417992255,50817.14082136956,5608.28773655758,1007.0619845344788,6389.022015414819
2020-11-01,6715.044967070112,49044.60421497818,6246.6800877851765,823.758689340529,7645.482261875369
2020-11-08,6435.355872480111,50987.583322037906,4353.536185899679,757.3334101103429,6381.837980955745
2020-11-15,10399.40454352654,54049.484019951786,4855.327018818762,877.9141437401104,6219.377322154084
2020-11-22,5611.187809753353,58404.882414830914,5255.07340103481,971.1291509040699,5609.995040395186
2020-11-29,4599.675130081114,61788.76204323636,3116.610674194708,700.9606880359308,6740.621291775463
2020-12-06,1210.259750099262,63503.36465366227,4730.538189686832,631.3636948263005,6982.472801318469
2020-12-13,-1095.8852464564627,64137.492650845714,4634.924663851082,515.6935987807315,7909.29938856961
2020-12-20,5688.02052267297,61854.4118762772,6067.811931933397,485.2154390659575,8195.799903776655
2020-12-27,7561.692531508602,62896.38338978581,7541.497751457607,548.3583450985906,7286.631314274442
2021-01-03,806.3587769203697,68308.59391011647,4471.701211145194,466.70283611236476,7251.776412652125
2021-01-10,-3029.8975424039663,70578.229637182,3190.883161753384,595.1608207841225,9666.04547071221
2021-01-17,5082.255534860162,72250.86226582815,6139.844153506723,558.9244665265212,9995.452645842324
2021-01-24,4073.7774521218303,71511.56639282721,8072.935764419289,546.0277938527945,9228.900788128945
2021-01-31,6628.279496576654,65648.14904634867,6305.622593859758,493.4261973770225,10938.517478032292
2021-02-07,8101.190936273192,64995.240352012814,5526.109554481548,533.2230708662443,10643.981084139246
2021-02-14,-186.46805224240254,66060.5710040373,4577.953730880763,768.7352977449484,11986.753447513518
2021-02-21,6331.033562280666,61213.165397494675,6875.566753851178,1169.5985405727345,9025.285994567488
2021-02-28,6712.542304288246,59032.23840223411,5042.110201974422,1196.5970375978334,8529.39959214028
2021-03-07,3705.6535905685714,58885.98455867718,4471.521426782216,1092.22580280364,8989.253162078287
2021-03-14,5555.475333837917,57044.921100162705,7493.289065682641,1160.119579746955,7630.894987666839
2021-03-21,3733.4098340804035,57863.72069975983,6489.812666571825,1197.4820346585434,8128.59244018977
2021-03-28,3259.3423529699135,56315.909701763114,3465.782126144529,1613.7744554664891,6920.235006114943
2021-04-04,6935.99738642964,51208.955141003,4060.45906790565,1998.51149531945,6370.287829027802
2021-04-11,-915.4516959356117,49715.88053500317,3681.7541853113694,2112.876248087976,6126.566941890569
2021-04-18,-894.7238997650338,50079.62958351403,3804.147592276568,2161.0609601397578,5541.461790010459
2021-04-25,4111.906556353368,49712.48093604851,4081.130805119911,2160.87078208158,4671.931043280123
2021-05-02,3545.1649374869903,48912.82734205338,3697.922561558036,1954.487635554596,5091.64609111018
2021-05-09,3491.2196145270614,47279.55900946957,5452.537467712141,1986.2229864801864,6734.8650367977625
2021-05-16,8315.890927401522,46548.31598516953,4499.250526397575,1995.2017416633764,8307.185031215553
2021-05-23,10175.1688787536,45794.4541242116,6131.519635007153,2202.564454424751,8796.538977111195
2021-05-30,10618.099533233153,44768.2433159747,4978.2329883739885,2414.668369536372,8761.078438840477
2021-06-06,10742.306911348873,45038.409566294125,3343.963021686319,2423.209747003645,8686.136049031227
2021-06-13,9633.187067181147,44532.144506354336,2515.94068811458,2421.7112416777895,8651.115173238642
2021-06-20,7622.996305940116,44331.29635311467,2287.890897210233,2213.7949313630224,8410.848742794573
2021-06-27,10221.939660017004,45329.45374089114,2586.9362631951726,2161.314190582716,8654.434331162034
2021-07-04,9697.175314798988,43999.709626145384,2416.5504433418096,2212.5315047629556,8053.146377769994
2021-07-11,9384.314940177223,42328.32662686924,2877.568462730554,2405.1502482338915,7088.0979750472
2021-07-18,10536.663556767613,42819.9834982314,4082.3090325774137,2322.3493832170625,7842.984894557709
2021-07-25,9746.838695899363,42857.301185714416,2173.6921079612,2485.026630296859,7018.939521113501
2021-08-01,10579.81336192755,42302.93081935376,2696.277528749255,2254.7389562421527,7044.385360256538
2021-08-08,10289.683978481651,42319.46704345089,3840.327809278977,2105.9060705795737,6507.997557511199
2021-08-15,8530.376113638955,41634.12785425574,247.59318562642034,2263.587668989677,6560.643592464136
2021-08-22,11048.27219860501,39965.50222710606,1434.739617953893,2141.2554726750072,5692.838946381253
2021-08-29,10939.239446452764,40217.75640340043,3892.057523798136,2287.2982704262445,5004.698929138769
2021-09-05,11129.685614974722,42427.68814645842,2455.7784953858195,2175.1727167411536,4621.610258570414
2021-09-12,9120.826090618379,42724.08585260037,2168.121194281879,2108.2297160969165,4514.6165569565555
2021-09-19,7637.276269180588,43433.86062022948,3130.929888358047,1857.800472973332,4881.450145226475
2021-09-26,6491.351225848422,46290.0624208082,2635.088662492851,1853.6140953941183,4674.573551486406
2021-10-03,6432.527439578009,47126.658193523814,5585.790687815561,1721.228419629361,3868.019975681752
2021-10-10,7734.775944975199,48797.891176213365,4260.45259914644,1762.567005512354,5337.938755143489
2021-10-17,4453.753994605684,51409.54668712607,1894.844888898429,1750.47758868317,3833.4922166047845
2021-10-24,5198.538338461148,50253.075195127385,3560.303209487484,1418.8180844831309,3970.2970494498327
2021-10-31,5621.598976695162,53076.461249466534,4015.2106276651043,1134.4411148838535,3650.1782694417625
