Dates,Consommation,Thermique,Nucléaire,Eolien,Solaire,Hydraulique,Pompage,Bioénergies,Balance
2013-01-06,61585.26597222222,4478.357638888889,54290.899999999994,1368.822222222222,172.98263888888889,8026.586111111113,-1030.6791666666666,737.9298611111112,6459.633333333332
2013-01-13,69208.04761904762,7827.839285714285,57756.794642857145,835.172619047619,166.3452380952381,9010.035714285714,-833.6607142857141,760.8303571428571,6315.309523809524
2013-01-20,78773.81845238095,10460.88095238095,58091.82142857142,1547.6636904761906,138.24107142857142,9950.440476190477,-617.6309523809523,729.2589285714286,1526.8571428571431
2013-01-27,76693.80654761905,10956.49404761905,57660.806547619046,1679.4583333333333,207.16666666666666,9495.895833333332,-746.7589285714286,705.3214285714287,3264.577380952381
2013-02-03,67664.69047619049,6544.714285714285,55797.99404761905,4031.505952380952,261.7232142857143,9219.333333333334,-1091.6309523809523,743.0863095238095,7842.035714285715
2013-02-10,72930.51190476192,8649.767857142857,55118.61011904762,3010.5119047619046,235.01190476190476,10461.511904761905,-730.2916666666667,736.6220238095237,4551.232142857142
2013-02-17,72654.14285714286,9163.824404761905,55877.854166666664,1198.6190476190475,325.6845238095238,10093.205357142857,-647.5238095238097,724.7113095238094,4082.2321428571427
2013-02-24,75153.15476190475,10583.148809523811,53954.669642857145,2249.160714285714,453.7172619047619,9996.708333333332,-567.2886904761905,725.6726190476192,2242.6339285714284
2013-03-03,75109.87202380951,11513.026785714288,52118.13690476191,1306.2529761904764,388.2619047619047,9154.8125,-664.0029761904761,724.095238095238,-569.2886904761905
2013-03-10,61684.488095238084,6917.404761904762,50417.139880952374,1699.4999999999998,401.0773809523809,7663.883928571429,-892.5327380952382,708.8630952380953,5230.848214285715
2013-03-17,70749.56845238096,9363.348214285714,51121.35119047619,2650.8928571428573,419.53273809523813,8854.369047619048,-810.0773809523808,687.1517857142857,1537.0
2013-03-24,64836.324404761894,7932.735119047618,48361.9375,1927.7738095238092,480.75892857142856,8698.32142857143,-769.9910714285714,737.0059523809524,2532.217261904762
2013-03-31,65696.61607142857,8950.687500000002,47263.77976190477,1192.440476190476,491.75,9173.36011904762,-720.4523809523808,729.2202380952382,1384.169642857143
2013-04-07,64354.50595238095,6658.720238095238,46978.22321428572,2440.160714285714,520.6071428571429,9261.63988095238,-822.8630952380952,581.6934523809524,1263.6755952380952
2013-04-14,57823.03571428572,5297.967261904762,43509.60119047619,2911.9791666666665,584.4404761904761,9318.11607142857,-700.889880952381,559.3988095238095,3657.577380952381
2013-04-21,49824.09821428572,2432.488095238096,41870.01488095238,1880.4404761904764,675.1398809523808,10132.425595238095,-719.0982142857141,577.2916666666666,7024.604166666666
2013-04-28,50880.2619047619,2637.8244047619046,42915.75595238095,1025.6130952380952,599.5386904761905,10568.395833333332,-829.547619047619,620.6428571428571,6657.961309523809
2013-05-05,50182.75297619047,2347.6339285714284,41183.9255952381,1359.529761904762,615.3005952380953,10568.583333333334,-1094.955357142857,655.9761904761906,5453.241071428572
2013-05-12,44291.63690476191,1286.404761904762,40273.32142857143,1737.3809523809525,704.0595238095239,11093.702380952383,-998.092261904762,668.6517857142857,10473.791666666668
2013-05-19,50066.35119047619,1826.6636904761906,43493.05654761905,1509.619047619048,587.952380952381,11456.598214285714,-849.6934523809524,656.7261904761905,8614.571428571428
2013-05-26,51786.910714285725,2402.3511904761904,41899.96130952381,1725.5773809523812,654.5625,11726.976190476193,-861.5208333333333,646.8690476190476,6407.866071428572
2013-06-02,50306.28869047619,2118.910714285714,41130.66071428572,1772.0119047619046,674.657738095238,11685.044642857143,-769.702380952381,655.9970238095237,6961.291666666666
2013-06-09,46100.01488095238,1397.797619047619,41659.419642857145,1620.9285714285718,835.1071428571429,11027.812499999998,-927.1279761904763,616.7232142857143,10130.645833333334
2013-06-16,45488.87797619047,1301.4553571428569,40320.27083333333,1332.139880952381,769.875,10422.63392857143,-800.9196428571429,631.5773809523808,8488.154761904761
2013-06-23,45837.52380952381,1948.279761904762,38170.229166666664,1994.065476190476,644.6488095238095,9845.589285714286,-793.8839285714286,624.6517857142857,6596.056547619048
2013-06-30,45581.50297619047,1946.4345238095236,39350.55357142857,1195.157738095238,771.8154761904761,9365.017857142857,-744.9226190476192,694.1130952380952,6996.666666666667
2013-07-07,45865.083333333336,1795.8839285714287,40356.818452380954,1057.1845238095236,837.982142857143,9387.151785714286,-772.7321428571429,705.2410714285714,7502.446428571428
2013-07-14,46638.3125,1949.2142857142858,40896.80059523809,1612.9761904761906,944.8095238095239,8476.434523809523,-593.657738095238,719.1785714285716,7367.443452380952
2013-07-21,46821.91666666667,2071.651785714286,42077.255952380954,992.6011904761905,870.4791666666666,8107.839285714287,-807.0238095238095,725.0357142857143,7215.922619047618
2013-07-28,46833.25595238095,2664.705357142858,41911.64583333333,741.7886904761905,803.6964285714287,8251.205357142857,-818.6339285714286,708.580357142857,7429.732142857142
2013-08-04,43969.02976190477,2238.833333333333,40458.404761904756,1518.9345238095236,862.4970238095237,7959.282738095238,-838.1785714285714,702.9375,8933.681547619048
2013-08-11,41092.82142857143,2223.252976190476,40738.82440476191,958.485119047619,732.4732142857143,7120.285714285715,-896.3303571428571,718.4553571428571,10502.625
2013-08-18,39980.669642857145,1023.3065476190476,40234.07440476191,848.0595238095237,854.6369047619047,5545.833333333334,-890.9642857142857,733.9880952380953,8368.264880952382
2013-08-25,42338.36011904762,3313.9851190476193,39780.479166666664,1152.3660714285713,749.4732142857143,5414.678571428571,-756.5446428571429,723.0863095238095,8039.16369047619
2013-09-01,44361.50297619048,4488.2619047619055,39441.017857142855,831.0744047619048,751.7708333333334,5049.714285714285,-787.4970238095237,709.0000000000001,6121.839285714285
2013-09-08,45680.07738095238,4356.610119047619,40967.2738095238,736.8482142857143,738.5535714285714,5489.800595238096,-717.6696428571429,691.2291666666667,6582.568452380952
2013-09-15,45910.15178571428,3636.226190476191,42031.58333333333,1639.5,557.2619047619047,5741.598214285716,-616.2053571428572,678.0684523809524,7757.880952380953
2013-09-22,46776.52678571428,3756.8363095238096,41572.041666666664,2058.089285714286,585.0684523809524,6240.151785714285,-842.5386904761905,620.8095238095237,7213.931547619048
2013-09-29,46024.732142857145,3889.6071428571427,40862.27976190477,876.6666666666666,591.1220238095239,5598.931547619048,-720.9077380952382,668.2172619047618,5741.184523809524
2013-10-06,46423.07738095238,4021.904761904762,40828.595238095244,1288.8035714285713,443.7678571428572,5697.952380952381,-794.5267857142857,653.6547619047618,5717.0744047619055
2013-10-13,49640.63988095238,5661.119047619048,40990.4494047619,1272.467261904762,459.7827380952381,5922.380952380952,-764.8839285714286,657.4880952380952,4558.163690476191
2013-10-20,51039.818452380954,4695.782738095238,41475.604166666664,2057.0416666666665,382.06249999999994,6897.583333333334,-815.3363095238094,654.3363095238094,4307.255952380953
2013-10-27,48197.66964285715,2946.5565476190473,42068.36607142857,3393.431547619048,370.74702380952385,6629.151785714285,-975.8779761904763,689.6160714285716,6924.321428571429
2013-11-03,51227.17857142857,3772.160714285714,43545.68452380952,3185.7619047619046,373.6458333333333,6877.324404761904,-914.3184523809523,731.5744047619047,6344.654761904762
2013-11-10,55471.145833333336,4978.4880952380945,44970.61309523809,3644.994047619048,229.89583333333334,8849.946428571428,-959.5505952380953,762.110119047619,7005.35119047619
2013-11-17,61194.82142857143,6826.187500000001,47935.160714285725,1973.8869047619048,267.62500000000006,9072.404761904761,-898.9255952380953,756.5654761904761,4738.083333333334
2013-11-24,69223.5773809524,8251.583333333332,50759.65178571428,2261.9196428571427,159.6279761904762,9225.419642857143,-814.6636904761905,779.3154761904761,1399.2767857142858
2013-12-01,70675.44642857142,8857.282738095239,51764.42261904762,1574.279761904762,308.55059523809524,8658.291666666668,-755.622023809524,782.8660714285713,514.625
2013-12-08,71120.04464285714,8480.101190476189,53597.05357142857,1592.922619047619,320.6904761904762,8111.654761904761,-805.9285714285714,774.9494047619047,951.3988095238094
2013-12-15,72474.65476190476,8278.276785714284,56086.60416666667,1629.2708333333333,345.3065476190476,7787.270833333333,-759.1785714285714,760.6696428571429,1653.5654761904764
2013-12-22,66636.72619047618,5995.761904761903,56015.7380952381,3669.610119047619,238.5029761904762,6921.488095238096,-1021.0416666666669,754.202380952381,5937.535714285715
2013-12-29,58706.0744047619,2456.273809523809,51610.8244047619,3700.101190476191,198.4404761904762,7184.681547619048,-1314.4107142857142,777.9404761904761,5907.776785714287
2014-01-05,60612.61904761905,2495.339285714286,52994.020833333336,4276.958333333333,206.71428571428572,8136.357142857142,-1194.8839285714287,876.8630952380952,7178.75
2014-01-12,62866.720238095244,3837.122023809524,56211.31845238095,2918.752976190476,235.86011904761907,8930.82738095238,-1065.1517857142858,911.2529761904761,9113.261904761905
2014-01-19,66258.68452380951,4741.901785714285,58724.09226190477,2850.4880952380954,212.14583333333331,9315.092261904761,-1024.357142857143,923.8095238095237,9484.488095238095
2014-01-26,68894.91666666667,4680.419642857143,59145.18154761905,2154.738095238095,248.47023809523807,9845.583333333334,-1017.8839285714287,927.389880952381,7088.982142857143
2014-02-02,70022.26190476191,4217.41369047619,58471.57738095238,2823.8303571428573,267.66964285714283,10102.99107142857,-983.4494047619047,920.7142857142857,5798.485119047619
2014-02-09,67788.89880952382,4009.2440476190473,54930.65476190477,5056.976190476191,344.8452380952381,10072.764880952382,-1021.9494047619047,944.3035714285714,6547.940476190476
2014-02-16,66716.28571428571,4096.556547619048,53754.2886904762,3918.4285714285716,316.33333333333337,10844.095238095237,-1092.830357142857,954.184523809524,6074.770833333334
2014-02-23,63667.78571428572,3536.223214285714,53813.38392857143,2462.8839285714284,489.5863095238095,10446.857142857143,-1027.4910714285713,953.235119047619,7006.892857142857
2014-03-02,64427.205357142855,4167.717261904762,51903.47023809523,2919.675595238096,462.702380952381,10542.226190476189,-848.8988095238094,929.1666666666666,5648.854166666666
2014-03-09,61403.03571428572,4552.0327380952385,50055.01488095238,1841.7678571428569,743.1130952380953,9682.970238095239,-868.6785714285716,905.0863095238095,5508.270833333333
2014-03-16,55555.098214285725,3429.9880952380954,49093.65773809523,1466.7916666666667,787.2499999999999,8990.357142857143,-988.6130952380953,934.0446428571429,8158.377976190475
2014-03-23,55302.99999999999,2898.461309523809,48268.17857142857,2307.1428571428573,652.0684523809524,9293.455357142857,-1049.9285714285713,948.9880952380953,8015.366071428572
2014-03-30,58219.02083333333,4850.791666666666,45304.36607142857,1422.5714285714287,665.764880952381,9227.45238095238,-577.6517857142857,918.5982142857143,3592.872023809524
2014-04-06,51149.348214285725,3060.074404761905,45224.05357142858,1413.4940476190477,636.9226190476192,8149.800595238096,-673.9940476190477,815.8214285714286,7476.824404761904
2014-04-13,49730.485119047626,2065.797619047619,44285.73511904762,1410.497023809524,918.0535714285714,8183.473214285713,-545.4255952380953,742.0625,7329.708333333334
2014-04-20,50441.55952380953,1724.8273809523812,42630.44642857143,1767.0238095238096,943.9672619047618,8089.249999999999,-675.8392857142857,728.4255952380954,4766.541666666666
2014-04-27,48815.357142857145,1686.422619047619,41551.4136904762,1352.2321428571427,717.672619047619,7399.541666666666,-985.3244047619047,761.172619047619,3667.773809523809
2014-05-04,48085.907738095244,1367.4642857142856,42446.1875,1576.1130952380952,796.7529761904763,8357.699404761905,-940.1815476190477,826.9255952380953,6345.053571428572
2014-05-11,46057.8988095238,1088.205357142857,41988.39880952381,3227.4910714285716,837.1458333333334,8291.330357142857,-957.845238095238,832.6785714285714,9249.505952380952
2014-05-18,48070.883928571435,1575.8392857142858,43948.05952380952,1849.2232142857142,1110.6994047619048,7965.327380952382,-927.6815476190476,811.8869047619047,8262.470238095237
2014-05-25,46168.76190476191,1931.2440476190477,42861.077380952374,2051.095238095238,806.1041666666669,8138.101190476191,-975.2470238095237,815.7470238095237,9459.360119047618
2014-06-01,44774.84821428572,1368.717261904762,41377.892857142855,994.1666666666666,889.3392857142856,8460.244047619048,-922.407738095238,830.0029761904763,8223.107142857143
2014-06-08,45484.31249999999,971.3154761904763,43716.7619047619,1271.6339285714287,1028.157738095238,7604.5714285714275,-904.3720238095237,768.2738095238095,8972.029761904761
2014-06-15,44427.080357142855,1429.0059523809525,42203.443452380954,1568.452380952381,1066.5386904761906,7302.410714285713,-1085.550595238095,721.9285714285714,8779.148809523811
2014-06-22,45200.80059523809,1095.3839285714287,43559.17261904762,1607.9047619047617,1114.8005952380954,6388.952380952381,-863.6934523809524,722.9404761904763,8424.660714285714
2014-06-29,45590.946428571435,2028.7797619047617,42917.907738095244,1051.9732142857142,956.9017857142857,6633.696428571428,-685.3928571428571,723.110119047619,8036.029761904762
2014-07-06,45436.11607142858,1416.342261904762,44029.255952380954,1311.544642857143,908.8660714285714,7052.502976190475,-812.6071428571429,792.5744047619047,9262.363095238095
2014-07-13,45462.70833333333,851.610119047619,44020.09821428572,1643.4880952380954,771.5952380952382,8983.455357142857,-1003.1517857142857,821.0178571428571,10625.404761904763
2014-07-20,44928.06547619047,855.7886904761906,45257.31547619048,995.7827380952382,1032.7083333333335,8595.443452380954,-942.9255952380953,807.967261904762,11674.014880952382
2014-07-27,45321.369047619046,1171.1636904761906,45278.03273809523,1145.7470238095239,965.3720238095239,8353.619047619048,-830.1815476190476,800.047619047619,11562.43154761905
2014-08-03,43165.169642857145,786.3928571428571,44032.35416666667,929.5208333333333,888.3422619047618,8347.425595238095,-909.9880952380954,811.452380952381,11720.330357142857
2014-08-10,40875.595238095244,819.827380952381,41943.25892857143,1242.3244047619046,926.0982142857141,7674.610119047619,-919.6279761904761,812.5208333333333,11623.416666666666
2014-08-17,39080.42857142857,790.6458333333333,37760.43154761905,1891.3035714285713,953.8601190476192,7495.252976190475,-926.6964285714286,818.5089285714286,9702.877976190475
2014-08-24,41423.235119047626,774.6934523809524,42070.96726190477,1027.1994047619048,931.7470238095239,6680.276785714285,-864.5119047619048,813.8095238095237,10010.94642857143
2014-08-31,44415.958333333336,1494.5327380952383,44809.55654761905,1366.642857142857,838.5386904761906,6156.163690476191,-787.7113095238094,769.1011904761905,10230.866071428569
2014-09-07,45426.5119047619,1470.9375,45040.607142857145,713.2410714285714,1032.032738095238,5371.541666666666,-723.4791666666667,793.5803571428571,8271.949404761905
2014-09-14,45778.12797619047,1568.1130952380952,45367.830357142855,1369.3482142857142,966.732142857143,5201.148809523809,-941.2113095238094,773.3363095238094,8527.169642857143
2014-09-21,45871.044642857145,2017.6994047619048,44333.431547619046,1006.8571428571428,754.1458333333333,5496.654761904762,-892.5744047619047,768.4017857142857,7613.571428571428
2014-09-28,45884.45535714286,2371.0,42683.3630952381,1052.4315476190475,853.2946428571428,4876.877976190476,-866.342261904762,760.8720238095237,5847.041666666666
2014-10-05,46171.904761904756,2821.773809523809,43129.58630952381,715.6934523809524,716.1726190476192,4501.354166666667,-914.6875,826.1130952380952,5624.101190476191
2014-10-12,47783.607142857145,3249.907738095238,41789.217261904756,2479.1011904761904,501.4761904761905,5145.848214285715,-932.2797619047618,809.3988095238095,5259.0625
2014-10-19,47700.56250000001,2398.473214285714,44099.60119047619,1957.2291666666667,624.4880952380952,5560.002976190476,-1088.8988095238094,782.5208333333333,6632.854166666666
2014-10-26,49567.85416666667,3140.7797619047624,44382.62797619047,1842.389880952381,618.3244047619047,5349.014880952381,-948.5982142857144,831.1130952380952,5647.797619047619
2014-11-02,49989.09821428572,3716.4642857142862,46244.42857142857,1482.9315476190475,621.9255952380953,4337.767857142857,-991.6577380952382,884.9196428571429,6307.681547619047
2014-11-09,55874.407738095244,5484.1547619047615,47712.16666666667,2704.5446428571427,368.3511904761905,5813.60119047619,-942.717261904762,975.9464285714286,6241.639880952382
2014-11-16,55519.16369047619,4258.214285714285,49919.77083333333,2328.747023809524,343.18452380952385,6736.9672619047615,-1087.4880952380952,967.4702380952382,7947.702380952381
2014-11-23,58874.81547619047,5500.232142857142,52278.00595238095,1315.2172619047617,371.6845238095238,7885.610119047619,-914.3630952380952,985.5416666666666,8547.113095238095
2014-11-30,57583.092261904756,4357.669642857143,53564.178571428565,1877.2708333333335,181.91666666666666,7564.943452380952,-864.5,995.0059523809524,10093.392857142857
2014-12-07,67176.3511904762,7663.845238095238,55016.06845238095,1466.7619047619046,174.73809523809524,8027.9464285714275,-825.9732142857143,991.9047619047617,5338.940476190478
2014-12-14,68131.38392857143,7410.58630952381,55180.517857142855,3342.127976190477,229.26190476190476,7596.642857142856,-769.9642857142857,1001.4970238095237,5859.285714285715
2014-12-21,63598.89583333333,4974.351190476191,55687.306547619046,3485.675595238095,216.7886904761905,7967.6369047619055,-1007.627976190476,982.9196428571429,8708.154761904763
2014-12-28,62201.73511904762,2533.547619047619,56612.91964285714,3703.0446428571427,283.6488095238095,6618.193452380952,-1009.4136904761905,995.6696428571429,7535.875000000001
2015-01-04,68484.16071428572,4922.002976190475,57856.291666666664,2192.089285714286,382.5833333333333,7403.068452380952,-871.1577380952382,918.764880952381,4319.482142857143
2015-01-11,67994.78273809524,6009.107142857143,58180.97023809523,3739.8869047619046,354.55654761904765,7750.866071428572,-963.5714285714286,903.3988095238094,7980.431547619047
2015-01-18,67472.32142857143,4972.2827380952385,58608.46726190477,4100.627976190476,350.5982142857143,8446.282738095239,-838.970238095238,952.8482142857143,9119.815476190475
2015-01-25,75354.50297619046,9009.723214285714,60350.645833333336,1233.625,323.7232142857143,9310.574404761905,-720.5625,939.952380952381,5093.178571428572
2015-02-01,72828.1101190476,7755.574404761904,58900.13095238095,3686.8125,284.84821428571433,8603.583333333334,-865.107142857143,942.8184523809524,6480.550595238096
2015-02-08,78606.18154761904,9261.199404761905,57768.556547619046,3504.032738095238,399.8392857142857,10169.625,-668.6875,929.3184523809524,2757.7023809523807
2015-02-15,71326.89285714286,7754.5625,56951.29166666667,1784.9791666666665,579.4613095238095,8676.059523809525,-722.1845238095237,955.202380952381,4652.479166666666
2015-02-22,69502.29464285714,7463.907738095238,54726.5505952381,2300.6101190476193,591.4702380952382,9211.154761904761,-592.6160714285714,944.5833333333333,5143.366071428571
2015-03-01,67179.46130952382,6739.607142857143,52309.48511904762,3903.7529761904766,507.7291666666667,9338.967261904761,-760.4375000000001,961.2261904761905,5820.869047619047
2015-03-08,63593.44345238095,5960.845238095238,50089.6994047619,2450.681547619048,859.139880952381,10011.726190476189,-778.9345238095239,945.4761904761906,5945.190476190478
2015-03-15,60430.979166666664,5217.202380952381,50574.142857142855,1666.107142857143,733.4523809523808,8893.142857142859,-832.8511904761906,928.1517857142857,6748.369047619047
2015-03-22,60565.90178571428,5193.154761904762,50472.392857142855,2045.9374999999998,633.6696428571429,8105.967261904762,-850.8035714285714,940.764880952381,5975.181547619047
2015-03-29,61329.461309523824,5907.0,48430.16369047619,3006.636904761905,669.0654761904763,7532.0327380952385,-807.8869047619048,931.2083333333333,4338.758928571428
2015-04-05,58103.529761904756,2733.583333333333,46050.056547619046,4332.041666666666,846.3125,8655.300595238095,-764.0208333333331,909.8779761904763,4659.622023809524
2015-04-12,52627.94642857143,2682.9285714285716,43900.97916666667,1645.797619047619,1265.002976190476,7617.339285714285,-800.4434523809523,817.7083333333334,4501.366071428572
2015-04-19,47641.02380952381,2451.949404761905,41727.892857142855,1853.901785714286,1029.7619047619048,7681.854166666667,-782.0238095238095,773.5297619047618,7095.842261904763
2015-04-26,47171.377976190466,2017.782738095238,42220.77678571428,1631.782738095238,1065.7529761904761,7218.440476190476,-685.1845238095237,789.4285714285714,7087.401785714285
2015-05-03,48470.482142857145,1529.5535714285713,42197.07440476191,2152.4196428571427,834.9107142857143,8885.181547619048,-950.4434523809524,813.7767857142857,6991.991071428572
2015-05-10,45672.93749999999,1075.6755952380954,38735.148809523824,2940.285714285714,1092.044642857143,9312.211309523811,-1110.0267857142858,857.5119047619047,7229.91369047619
2015-05-17,44355.37797619047,895.6190476190476,39577.30357142857,1602.3214285714287,1140.1011904761904,9447.3125,-1013.6339285714286,866.1488095238097,8159.794642857142
2015-05-24,46892.75297619047,902.3779761904761,42214.491071428565,2053.2559523809523,1197.0238095238094,8692.89880952381,-628.7321428571429,847.3839285714286,8385.94642857143
2015-05-31,44941.36904761905,821.9315476190477,42595.1994047619,1811.470238095238,1230.6041666666665,7148.651785714285,-1054.3392857142858,863.2232142857141,8475.372023809523
2015-06-07,46176.13392857143,848.4166666666669,41858.407738095244,1868.232142857143,1357.0238095238094,7270.416666666667,-1029.8511904761904,829.7470238095237,6826.2589285714275
2015-06-14,45512.654761904756,994.7410714285713,42382.729166666664,2722.7023809523807,1069.2410714285713,8041.3125,-876.2261904761905,809.2857142857143,9631.13095238095
2015-06-21,45074.9880952381,901.8690476190477,42377.99107142857,1623.845238095238,1247.8005952380952,8657.199404761905,-883.3511904761906,832.4940476190476,9682.86011904762
2015-06-28,45956.92857142857,899.8541666666667,43442.37797619048,985.6785714285714,1459.9732142857142,7496.544642857142,-817.782738095238,865.4583333333333,8375.175595238097
2015-07-05,48149.60416666667,1610.2589285714287,43520.86607142857,1375.470238095238,1390.0029761904764,6389.041666666667,-794.3333333333333,799.0089285714286,6140.711309523809
2015-07-12,47203.645833333336,1484.154761904762,45097.744047619046,1954.092261904762,1366.1517857142858,5899.5952380952385,-787.0833333333334,884.6904761904761,8695.699404761905
2015-07-19,45764.70833333333,1887.2648809523812,46031.154761904756,1463.25,1276.264880952381,5196.755952380952,-744.5238095238095,882.8869047619048,10228.345238095239
2015-07-26,46597.88095238095,2354.4821428571427,43151.67261904762,1874.0327380952383,1159.9553571428573,4988.458333333334,-565.0119047619047,894.0416666666666,7259.75
2015-08-02,43641.520833333336,840.970238095238,44528.93452380952,2183.669642857143,1124.6339285714287,4551.238095238095,-669.1845238095239,919.3392857142857,9838.080357142857
2015-08-09,42358.255952380954,769.0982142857143,43165.67857142857,1191.1934523809525,1111.0059523809525,4516.973214285715,-687.6845238095237,873.8839285714287,8581.892857142857
2015-08-16,40613.16369047619,710.1309523809524,43226.92857142857,1498.0357142857142,1042.4017857142858,4763.059523809525,-715.4345238095237,883.6964285714286,10795.654761904763
2015-08-23,41472.75,948.0744047619048,43682.22619047619,980.3988095238094,1161.779761904762,4191.642857142857,-638.2083333333333,912.4494047619047,9765.613095238095
2015-08-30,44374.68750000001,1427.2708333333333,42250.79166666667,2459.0,1142.422619047619,4831.791666666667,-687.6190476190477,903.9970238095237,7952.967261904762
2015-09-06,45207.345238095244,2375.375,43937.60416666667,1172.5178571428573,991.6666666666667,4428.270833333334,-624.3928571428571,903.9107142857144,7977.607142857142
2015-09-13,45653.922619047626,1936.3958333333335,44582.5892857143,1694.1428571428569,1015.5595238095237,4249.485119047619,-707.0773809523808,885.6845238095239,8002.857142857142
2015-09-20,46251.16666666668,1917.008928571429,41927.505952380954,3249.7529761904766,841.5357142857143,5733.375,-511.5863095238095,899.6250000000001,7806.0505952380945
2015-09-27,46842.87797619047,3625.630952380952,39973.74107142857,2257.029761904762,1004.0863095238094,5071.059523809525,-535.8452380952381,872.9136904761905,5425.7380952380945
2015-10-04,47887.630952380954,3636.72619047619,42032.541666666664,2891.630952380952,895.9226190476192,4508.767857142858,-561.9791666666667,877.8958333333334,6393.875000000001
2015-10-11,48527.0505952381,3861.824404761904,44062.15178571428,2189.8928571428573,787.5119047619047,5546.2797619047615,-625.7589285714286,786.2172619047618,8081.068452380953
2015-10-18,55487.51190476191,5690.60119047619,47297.16071428572,1203.6875000000002,619.5982142857143,5483.077380952381,-574.0803571428572,768.6666666666667,5001.1994047619055
2015-10-25,54917.38988095238,5430.818452380953,48697.422619047626,1306.7767857142858,604.5625,4891.648809523809,-638.9851190476192,853.1398809523811,6227.994047619047
2015-11-01,52553.48511904762,4822.464285714284,47303.7738095238,2118.583333333333,676.0803571428571,4842.877976190476,-713.5357142857143,940.7857142857143,7437.544642857143
2015-11-08,52375.630952380954,5884.991071428572,48180.767857142855,2509.425595238095,603.9136904761905,4528.005952380952,-696.7797619047618,1019.2708333333334,9653.964285714286
2015-11-15,52098.0,5506.229166666666,48081.782738095244,2917.502976190476,563.952380952381,3690.3869047619046,-746.8184523809524,1039.2499999999998,8954.285714285716
2015-11-22,56508.37797619048,6264.196428571428,49295.90476190477,4986.422619047618,421.2708333333333,4506.684523809524,-828.1517857142857,1000.4910714285714,9138.440476190475
2015-11-29,66457.97321428571,8111.285714285715,52413.23809523809,3544.470238095238,409.8690476190476,7103.443452380953,-751.2946428571429,977.1279761904761,5350.166666666667
2015-12-06,62626.72023809525,6629.035714285715,53977.1875,3668.4196428571427,432.1785714285715,5783.845238095238,-1055.7708333333335,1011.2767857142856,7819.452380952382
2015-12-13,63673.38988095238,7458.127976190476,56255.96130952381,2432.264880952381,462.0089285714286,5545.928571428572,-897.6279761904761,1033.6696428571427,8616.943452380952
2015-12-20,60376.669642857145,6018.297619047618,56299.20238095238,3024.1994047619046,330.6845238095238,5059.238095238096,-956.3095238095237,1020.1607142857143,10418.80357142857
2015-12-27,54170.803571428565,2998.1696428571427,50440.01190476191,4712.738095238096,417.2261904761904,4041.410714285714,-1212.7916666666667,1028.2916666666667,8254.252976190477
2016-01-03,56502.15178571428,3048.407738095239,52537.29464285715,4546.21130952381,304.8363095238095,3642.904761904762,-1100.8422619047617,1035.6636904761904,7512.3244047619055
2016-01-10,64559.36607142857,5052.529761904762,54992.985119047626,4092.282738095238,245.07142857142858,7480.764880952381,-1146.5357142857142,1052.5505952380952,7210.2827380952385
2016-01-17,70438.70535714286,7032.508928571428,56871.904761904756,4484.598214285715,433.43154761904765,8639.04761904762,-976.7767857142857,1011.8125,7057.821428571429
2016-01-24,74024.84821428572,9352.755952380952,57868.505952380954,1674.7202380952383,414.26785714285717,8932.199404761905,-859.7559523809523,1035.0029761904761,4392.848214285715
2016-01-31,64110.08035714286,5630.785714285713,55242.81547619047,4609.446428571428,401.6458333333333,6765.809523809525,-1024.7529761904761,1054.4523809523807,8570.122023809525
2016-02-07,62961.30357142858,3974.6428571428573,54598.22619047619,5337.508928571428,546.7648809523808,8587.282738095239,-1042.482142857143,1015.4910714285713,10056.13095238095
2016-02-14,66474.75595238096,4466.607142857143,54154.110119047626,4408.97619047619,411.0892857142858,10587.842261904763,-956.3333333333333,1027.4940476190475,7625.0297619047615
2016-02-21,69569.0238095238,6739.029761904762,53107.431547619046,3634.3928571428573,739.1309523809524,10158.443452380952,-858.8482142857143,1035.4255952380952,4985.982142857143
2016-02-28,65672.57142857143,5496.145833333333,52537.99702380952,3179.270833333333,577.5446428571429,9903.211309523807,-720.0922619047617,1068.5267857142858,6370.032738095238
2016-03-06,67779.05654761904,5276.818452380953,53048.6369047619,4156.494047619048,679.7767857142857,10124.80357142857,-875.8363095238095,1041.1190476190475,5672.755952380952
2016-03-13,66793.57142857142,6128.601190476191,52759.02083333332,2673.151785714286,889.8095238095239,9867.92857142857,-746.827380952381,1041.1309523809525,5819.244047619047
2016-03-20,63354.34226190477,6124.321428571429,51085.24702380953,2867.4285714285716,970.8005952380953,8818.845238095237,-709.875,1043.047619047619,6845.473214285715
2016-03-27,59472.14880952381,5514.380952380952,47415.4761904762,3155.895833333333,1063.4791666666665,7427.845238095238,-612.8690476190477,1044.5863095238096,5536.645833333333
2016-04-03,56402.37202380953,4648.660714285715,43369.7886904762,3390.3511904761913,803.2083333333334,7534.377976190476,-717.6607142857143,1013.8095238095239,3640.16369047619
2016-04-10,55154.92261904762,3584.467261904762,44076.9613095238,2580.470238095238,1026.922619047619,8809.898809523807,-612.2410714285714,953.3095238095239,5264.8660714285725
2016-04-17,51949.556547619046,3526.883928571428,43649.1011904762,1965.9464285714287,1085.3988095238096,8735.708333333332,-550.4196428571429,934.9107142857144,7397.973214285713
2016-04-24,51758.836309523824,2424.1994047619046,41973.041666666664,2368.416666666667,1126.595238095238,9732.916666666668,-596.9494047619048,949.1934523809523,6218.577380952381
2016-05-01,56057.22023809523,3638.386904761905,42081.791666666664,2596.744047619048,1260.544642857143,8549.101190476189,-646.5386904761906,958.4791666666667,2381.2886904761904
2016-05-08,46628.30059523809,1787.3809523809523,39898.06845238095,2373.3035714285716,1482.0238095238096,7740.630952380953,-835.3928571428571,999.8095238095239,6817.523809523809
2016-05-15,46850.880952380954,1923.747023809524,39256.255952380954,1863.7202380952383,978.8958333333333,9091.035714285714,-822.2380952380952,992.8928571428571,6433.428571428571
2016-05-22,45890.220238095244,1792.1964285714287,38933.92261904762,1973.797619047619,1255.3333333333335,8948.113095238095,-805.375,937.7410714285714,7145.508928571428
2016-05-29,45551.395833333336,2046.767857142857,39737.27976190477,1311.2261904761906,1275.2380952380952,9277.970238095239,-830.7410714285714,893.0059523809524,8159.35119047619
2016-06-05,46271.2113095238,1545.3392857142856,40031.08630952381,2124.7410714285716,924.7470238095237,10417.729166666668,-759.9107142857143,886.0595238095239,8898.580357142855
2016-06-12,44355.85714285714,1465.7380952380952,41524.58928571428,1006.7857142857143,1297.4494047619048,10308.315476190475,-809.5059523809524,878.8630952380952,11316.377976190477
2016-06-19,44876.37797619048,2182.059523809524,39728.0505952381,1678.4136904761904,1155.2232142857142,9605.702380952382,-811.4166666666667,879.6279761904761,9541.282738095237
2016-06-26,45519.12797619048,2541.5535714285716,38341.27083333333,1589.8958333333335,1436.294642857143,9875.36607142857,-723.967261904762,891.4315476190477,8432.717261904761
2016-07-03,45350.54166666667,2086.8125,38162.49107142857,2110.9910714285716,1311.0654761904764,8974.660714285714,-736.1428571428571,1021.0505952380953,7580.386904761906
2016-07-10,46303.59821428572,2117.229166666667,40475.145833333336,996.8690476190476,1558.452380952381,7742.5119047619055,-686.8809523809524,997.375,6897.104166666667
2016-07-17,43691.880952380954,1601.532738095238,38292.05952380953,1639.7559523809523,1436.2410714285713,7037.211309523809,-655.6666666666667,1013.9583333333333,6673.211309523809
2016-07-24,46161.39583333333,3684.9791666666665,36607.67857142857,1185.4315476190477,1356.7738095238094,6833.848214285715,-533.0178571428571,966.7440476190477,3941.0416666666665
2016-07-31,44777.3869047619,3115.2857142857138,37257.80357142857,1185.7886904761906,1339.997023809524,6380.910714285715,-590.1904761904763,999.9642857142856,4912.172619047619
2016-08-07,41943.17261904762,1876.9880952380952,36337.22619047619,1893.2440476190475,1449.4345238095236,5874.610119047618,-667.5119047619047,989.4732142857143,5810.291666666666
2016-08-14,40891.65773809523,1528.4791666666667,37493.57738095238,1437.7559523809525,1528.610119047619,5072.184523809525,-759.877976190476,975.0892857142857,6384.160714285715
2016-08-21,41349.11309523809,2388.875,35709.642857142855,1887.3809523809525,1211.3779761904764,4572.794642857143,-789.2886904761905,975.7232142857144,4607.392857142857
2016-08-28,45248.931547619046,3577.6696428571427,36271.60119047618,1373.497023809524,1490.0059523809523,5160.610119047619,-742.5565476190477,948.5863095238094,2830.4821428571427
2016-09-04,46032.31845238095,4700.428571428572,36185.330357142855,1077.4732142857142,1298.6458333333333,4904.5505952380945,-757.8541666666667,950.0297619047618,2326.285714285714
2016-09-11,46254.15178571428,5509.747023809524,36242.02380952381,1238.2529761904764,1273.2529761904764,4964.690476190476,-830.1101190476192,934.375,3078.0803571428564
2016-09-18,45630.85416666667,5388.35119047619,37359.49107142857,1990.5892857142858,884.9345238095239,4680.568452380952,-623.4553571428571,924.0,4973.625
2016-09-25,45222.79761904762,5539.419642857144,37299.994047619046,1121.3065476190477,1111.7738095238096,4369.160714285715,-567.5386904761905,953.4315476190476,4604.749999999999
2016-10-02,45670.47916666667,5960.315476190478,36374.94345238095,1559.1041666666667,1033.5386904761904,4345.85119047619,-667.2023809523808,955.2767857142857,3891.348214285714
2016-10-09,48246.42857142857,6022.565476190478,37050.833333333336,2434.886904761905,1185.9910714285718,3555.223214285714,-702.4642857142857,904.2380952380953,2204.8452380952376
2016-10-16,53575.24107142857,7102.931547619048,38821.625,2235.4761904761904,893.7886904761906,4358.3005952380945,-759.5535714285713,834.9464285714286,-87.72619047619037
2016-10-23,53691.68452380953,6980.059523809524,39773.83928571428,1700.5505952380954,901.3690476190476,4343.244047619048,-862.5059523809525,876.3154761904761,21.1875
2016-10-30,53392.76488095238,7058.958333333334,40541.6636904762,1061.0863095238094,860.1309523809524,4569.360119047618,-857.0029761904761,934.9910714285713,776.4226190476189
2016-11-06,55160.73511904762,8092.000000000001,41353.7113095238,1382.1994047619048,688.345238095238,3563.583333333333,-1005.5744047619047,1038.014880952381,-48.455357142857046
2016-11-13,62999.232142857145,9593.669642857145,41619.60416666667,3043.0327380952376,513.2261904761905,5795.830357142857,-809.0327380952382,1058.220238095238,-2184.6815476190477
2016-11-20,61119.03869047619,9294.208333333332,42637.729166666664,4617.413690476191,476.2767857142857,5764.160714285716,-776.4642857142857,1091.3273809523812,1985.6130952380954
2016-11-27,59914.05059523809,8232.845238095239,44912.92857142857,3654.4494047619046,384.80357142857144,7130.556547619048,-758.0208333333331,1093.5029761904761,4737.014880952382
2016-12-04,70141.62797619046,10201.101190476189,48378.806547619046,2828.1577380952376,618.3184523809523,6801.0744047619055,-776.9613095238095,1121.1458333333335,-969.9851190476193
2016-12-11,68269.9226190476,10421.913690476193,49374.74702380953,1900.3125,590.3839285714286,5838.333333333334,-708.1994047619047,1080.002976190476,227.57142857142858
2016-12-18,67661.19642857143,10449.675595238095,47622.82440476191,1552.5,499.4851190476191,5854.205357142857,-740.1875,1103.2202380952383,-1319.4732142857144
2016-12-25,66533.83035714286,9300.029761904761,49074.80357142857,2763.3601190476193,266.43154761904765,6214.916666666666,-622.5654761904761,1083.8422619047617,1546.9880952380952
2017-01-01,67420.69345238095,8558.410714285714,51568.520833333336,1556.392857142857,469.0982142857143,5712.241071428572,-739.5952380952382,1090.9494047619048,795.3244047619047
2017-01-08,77326.1755952381,10632.747023809525,53307.45833333333,1661.0535714285713,474.90476190476187,6699.559523809524,-625.9880952380952,1100.488095238095,-4075.952380952381
2017-01-15,73015.93154761904,9832.30357142857,53968.181547619046,4057.589285714286,361.610119047619,6263.940476190476,-899.9375,1094.3720238095236,1662.1279761904766
2017-01-22,81651.44642857143,12553.815476190475,55134.967261904756,2667.848214285714,620.7142857142857,8198.306547619048,-634.5505952380952,1128.9255952380952,-1981.419642857143
2017-01-29,78319.9523809524,11678.785714285712,55648.52976190477,2962.327380952381,520.25,7175.375000000001,-817.8363095238094,1127.9107142857142,-24.610119047619005
2017-02-05,65517.83630952381,7466.797619047619,53400.21726190477,4217.776785714285,357.35714285714283,6107.749999999999,-1147.3363095238096,1088.7083333333335,5973.434523809525
2017-02-12,70211.43452380951,9342.449404761906,51846.81547619047,2414.994047619048,507.44642857142856,7905.9255952380945,-932.1458333333334,1082.5595238095236,1956.6101190476188
2017-02-19,63205.88988095238,10133.5,49023.46428571428,2410.8779761904766,805.7708333333334,6529.080357142857,-887.235119047619,1095.214285714286,5904.782738095238
2017-02-26,61679.729166666664,9273.949404761905,47860.32142857143,4545.535714285715,779.7916666666667,5724.800595238096,-872.279761904762,1116.592261904762,6748.982142857142
2017-03-05,62722.23511904762,7318.705357142857,48316.3363095238,6413.169642857143,607.2440476190477,7094.193452380953,-944.0297619047617,1090.7321428571427,7174.1160714285725
2017-03-12,59709.43452380953,7374.639880952381,46682.11309523809,3285.372023809524,814.0089285714286,8988.98511904762,-855.4166666666666,1061.6279761904761,7641.895833333333
2017-03-19,55121.157738095244,6170.693452380952,45353.056547619046,3037.5089285714284,1058.3125,8081.330357142857,-953.6785714285713,1053.6904761904764,8679.755952380952
2017-03-26,56748.092261904756,6384.258928571428,44997.95238095239,3627.6220238095234,823.1488095238094,8789.70238095238,-849.404761904762,1046.452380952381,8071.639880952381
2017-04-02,50686.56845238095,5649.083333333333,44546.029761904756,2173.497023809524,1202.3898809523812,7331.214285714285,-890.6815476190476,1047.9315476190475,10372.895833333334
2017-04-09,50196.904761904756,5355.258928571428,44298.5386904762,1838.7083333333335,1530.360119047619,6636.955357142856,-709.8065476190477,967.4732142857143,9720.583333333334
2017-04-16,48614.6994047619,4436.005952380952,43466.255952380954,1797.654761904762,1407.1726190476188,5672.851190476191,-746.8482142857141,1009.967261904762,8428.36011904762
2017-04-23,51193.74107142857,4315.940476190477,44475.09523809523,2315.0505952380954,1736.6190476190477,4824.505952380952,-859.2470238095237,1097.6488095238096,6711.872023809525
2017-04-30,53584.866071428565,5036.607142857143,44527.279761904756,2352.360119047619,1205.7380952380952,5665.044642857143,-859.172619047619,1054.3005952380952,5397.291666666666
2017-05-07,50342.005952380954,4106.526785714286,43024.791666666664,2573.9910714285716,1189.107142857143,6592.002976190476,-891.3244047619048,1055.7886904761904,7308.877976190475
2017-05-14,47417.87202380952,3650.654761904762,41301.40178571428,2323.2499999999995,1373.2916666666667,7937.994047619047,-1007.6607142857141,973.9255952380952,9134.985119047618
2017-05-21,45822.48214285714,2674.261904761905,41881.22916666667,1523.9434523809523,1526.0238095238094,7868.809523809524,-866.7470238095237,955.2440476190477,9740.282738095237
2017-05-28,43486.05357142857,1684.6845238095236,37328.87797619047,2002.0863095238092,1737.0714285714287,7935.339285714285,-983.3571428571429,1012.4285714285716,7231.077380952381
2017-06-04,45200.907738095244,2923.470238095238,36554.88095238095,1070.3511904761906,1329.4107142857142,8060.866071428572,-615.0654761904763,1054.595238095238,5177.601190476191
2017-06-11,43998.03273809523,1201.782738095238,37420.595238095244,3217.339285714286,1671.282738095238,7571.196428571428,-888.4226190476192,1034.4821428571427,7230.223214285715
2017-06-18,46334.77083333333,2237.613095238095,37251.73809523809,1764.8214285714287,1739.053571428571,7227.812500000001,-774.1220238095239,1045.8988095238096,4158.044642857143
2017-06-25,48039.70238095238,3679.0148809523816,37341.95833333333,1702.8660714285713,1612.130952380952,6358.973214285715,-759.3452380952382,1040.1220238095236,2936.0178571428573
2017-07-02,45556.53869047619,3497.610119047619,36582.508928571435,2335.741071428571,1151.220238095238,6290.809523809524,-729.1190476190477,1050.9464285714287,4623.178571428572
2017-07-09,46723.90178571428,5375.9464285714275,36338.931547619046,1237.1190476190475,1589.7678571428573,5686.794642857143,-554.1011904761905,1037.4255952380952,3987.9821428571427
2017-07-16,44786.16666666667,4474.910714285715,38266.00595238095,2015.285714285714,1484.9672619047617,5163.4375,-692.8660714285714,1137.3184523809523,7062.892857142857
2017-07-23,46251.57142857142,4722.372023809524,39112.93452380953,2806.3303571428573,1362.8452380952378,4748.991071428572,-670.5357142857143,1064.6130952380952,6895.979166666667
2017-07-30,44600.64285714285,3083.7916666666656,38570.9880952381,3162.7053571428573,1363.0625,5005.086309523809,-661.8154761904761,1157.9821428571427,7081.1577380952385
2017-08-06,43445.41666666667,1828.8511904761906,38720.2113095238,2032.7410714285713,1452.1994047619046,4998.630952380952,-682.6755952380953,1069.7083333333335,5974.249999999999
2017-08-13,40590.01785714285,1829.4523809523805,37433.592261904756,1708.0892857142858,1342.8244047619046,5136.803571428572,-737.279761904762,1148.0714285714287,7271.535714285713
2017-08-20,40421.0386904762,1357.3482142857142,37312.63988095238,1990.3125000000002,1420.863095238095,4761.041666666666,-785.4880952380953,1056.7440476190477,6692.422619047619
2017-08-27,44002.110119047626,3343.473214285714,39166.654761904756,1024.827380952381,1445.8690476190475,4117.255952380952,-592.0416666666666,1001.8333333333334,5505.7619047619055
2017-09-03,45481.74107142857,4644.291666666666,40130.17857142857,1327.4107142857142,1221.190476190476,4389.598214285715,-720.1160714285713,1044.985119047619,6555.797619047619
2017-09-10,45384.12202380952,3399.2559523809527,40352.84821428572,3228.074404761905,1061.4285714285713,4438.089285714285,-769.1755952380953,1180.589285714286,7506.9880952380945
2017-09-17,46720.041666666664,2057.660714285714,40645.294642857145,4200.098214285715,1051.577380952381,3988.127976190476,-573.1011904761905,1029.4583333333333,5679.0744047619055
2017-09-24,47880.40178571428,4925.994047619048,41357.517857142855,969.6369047619048,1266.1101190476188,4345.029761904762,-659.5029761904761,988.7648809523808,5313.148809523809
2017-10-01,46807.630952380954,5765.616071428572,40624.81547619047,1362.1488095238094,947.6547619047618,4045.110119047619,-762.2142857142857,1038.8630952380952,6214.363095238096
2017-10-08,48336.44047619048,6917.547619047618,38052.22916666667,2754.3244047619046,1072.0684523809525,4231.226190476191,-781.1636904761905,1025.9017857142856,4935.693452380952
2017-10-15,47935.720238095244,7331.25,37243.08630952381,1620.357142857143,1052.8541666666667,3851.514880952381,-925.232142857143,983.9970238095237,3222.1071428571427
2017-10-22,47811.339285714275,6345.166666666667,35804.33630952381,4486.880952380952,819.6904761904763,3261.2946428571427,-1015.6904761904761,1031.9255952380952,2922.264880952381
2017-10-29,50408.3244047619,7754.026785714285,38500.622023809534,2541.6785714285716,838.2529761904763,3408.401785714286,-932.7946428571429,1054.5267857142856,2756.3898809523807
2017-11-05,53629.31250000001,8330.392857142857,40093.020833333336,2320.6696428571427,756.0892857142857,3422.535714285714,-919.8869047619046,1149.6994047619048,1523.2083333333335
2017-11-12,61163.02083333332,9662.17261904762,39718.55357142857,3559.973214285714,541.6577380952381,5359.199404761904,-888.1458333333333,1265.0059523809525,-1944.6041666666665
2017-11-19,64504.1755952381,9867.565476190475,41936.3125,2037.1071428571431,772.3392857142859,6668.574404761904,-717.7886904761905,1179.297619047619,-2760.7678571428573
2017-11-26,62061.70238095238,9723.190476190475,43280.40178571428,4498.4047619047615,571.5922619047619,4669.127976190476,-948.8125,1220.375,952.5773809523808
2017-12-03,72127.0625,10311.50595238095,47670.39285714285,2968.752976190476,466.69642857142856,7037.392857142856,-641.6488095238094,1150.0029761904764,-3163.967261904762
2017-12-10,72398.19642857143,10077.369047619048,50027.49999999999,3951.8869047619046,390.4375,6753.660714285715,-717.2886904761905,1127.9136904761904,-786.7172619047617
2017-12-17,71262.87499999999,8798.922619047618,49719.90178571428,5782.449404761904,358.0238095238096,7996.130952380951,-1039.9107142857142,1101.3630952380954,1454.0059523809523
2017-12-24,68161.16071428571,8598.663690476193,52392.57142857143,2065.613095238095,358.5744047619047,7388.696428571428,-762.8363095238095,1143.8720238095236,3023.9940476190473
2017-12-31,63027.02678571428,3798.6041666666665,49733.55357142858,7404.160714285715,342.81845238095235,6400.008928571429,-1304.517857142857,1149.8839285714287,4497.485119047619
2018-01-07,60949.00297619047,2927.077380952381,51080.99702380953,7342.761904761906,255.05654761904756,8763.565476190475,-1217.8065476190477,1080.0148809523807,9282.663690476193
2018-01-14,67324.79166666666,6730.827380952382,55872.556547619046,2404.9910714285716,390.5773809523809,9561.020833333332,-916.1130952380953,1092.029761904762,7811.098214285713
2018-01-21,67414.39880952382,4334.1577380952385,55635.17857142857,7767.312500000001,376.84226190476187,9828.982142857143,-1130.6994047619046,1078.797619047619,10476.172619047618
2018-01-28,64112.47321428572,4612.619047619048,56178.52976190477,4477.065476190476,442.2678571428572,10465.080357142857,-1097.8005952380952,1086.5119047619048,12051.800595238095
2018-02-04,68025.61011904762,6087.336309523808,55619.31845238095,3800.8869047619046,527.4434523809524,10254.452380952382,-1008.0595238095237,1125.0208333333333,8380.78869047619
2018-02-11,76516.6726190476,9483.63988095238,55825.943452380954,3711.101190476191,574.3452380952381,10822.127976190473,-659.6011904761906,1167.0982142857142,4407.982142857143
2018-02-18,71065.81845238096,8420.41369047619,55388.58333333333,3230.4910714285716,718.7410714285713,9751.464285714286,-805.0267857142857,1183.169642857143,6822.017857142858
2018-02-25,73046.17559523809,8854.005952380952,51736.1369047619,4825.830357142857,1023.3839285714286,10763.883928571431,-780.5982142857143,1179.955357142857,4556.422619047619
2018-03-04,78422.75892857143,8514.931547619048,51470.01488095238,6062.244047619047,1012.0922619047618,11111.327380952382,-653.809523809524,1024.7083333333333,118.74999999999993
2018-03-11,62896.92559523809,6209.568452380952,49622.34821428572,4230.625000000001,985.9404761904763,9173.785714285714,-898.220238095238,1048.529761904762,7475.651785714285
2018-03-18,61377.28273809523,4643.252976190476,48292.40476190477,4454.77380952381,1046.985119047619,9448.488095238095,-864.9077380952382,1131.4017857142858,6775.1160714285725
2018-03-25,68191.02976190476,8947.36607142857,46498.1755952381,3243.625,1225.7708333333333,9330.729166666668,-830.6636904761906,1085.330357142857,1309.3035714285713
2018-04-01,61194.7619047619,5963.776785714285,44748.208333333336,3915.282738095238,1132.4791666666667,8990.297619047618,-781.1011904761906,1167.8184523809525,3942.0
2018-04-08,54097.77083333332,1465.2291666666665,43203.342261904756,4860.5744047619055,1197.8363095238094,9351.764880952382,-1072.0,1066.544642857143,5975.520833333334
2018-04-15,52620.32738095238,2811.7678571428573,42728.130952380954,1926.3809523809523,1090.9791666666665,9655.973214285716,-748.2886904761905,1080.0714285714287,5924.6875
2018-04-22,46613.07142857143,1402.392857142857,42005.529761904756,1654.2023809523812,1931.6904761904757,9592.455357142857,-872.8541666666666,1134.0863095238094,10234.43154761905
2018-04-29,46229.8244047619,833.4880952380952,42245.389880952374,3002.7559523809527,1459.25,9708.940476190475,-968.2321428571429,1129.2380952380952,11181.005952380952
2018-05-06,47769.55357142857,827.25,40587.297619047626,3599.6309523809527,1582.125,9698.99404761905,-940.4017857142856,1092.4613095238096,8677.80357142857
2018-05-13,42497.84821428572,777.6964285714286,39403.875,2055.151785714286,1518.9434523809523,10101.833333333334,-1044.142857142857,1115.2113095238096,11430.720238095239
2018-05-20,47103.25892857143,1269.6815476190477,42860.18452380953,3032.494047619048,1631.9375000000002,10607.360119047618,-829.9196428571429,1186.6607142857142,12655.139880952383
2018-05-27,44183.75892857143,966.8214285714286,40334.25297619048,1329.6369047619048,1628.5654761904764,10253.068452380952,-898.2083333333334,1039.5565476190475,10469.934523809525
2018-06-03,44818.11904761905,1383.0416666666667,41392.8988095238,879.3809523809523,1425.2559523809525,10686.791666666668,-788.2529761904761,1004.6666666666667,11165.663690476189
2018-06-10,44982.9136904762,1850.6726190476188,40650.75892857143,1009.0505952380953,1473.125,11217.511904761905,-755.5803571428571,992.6755952380952,11455.300595238095
2018-06-17,44706.43452380953,1498.1488095238096,39097.57738095238,2041.7827380952383,1555.5625,10931.520833333332,-761.7678571428571,1018.907738095238,10675.297619047618
2018-06-24,44999.467261904756,1074.1250000000002,39666.889880952374,2224.3541666666665,2088.2738095238096,10084.648809523811,-709.8958333333334,1021.6220238095239,10450.550595238095
2018-07-01,46004.044642857145,1677.4523809523812,38771.71428571428,2860.276785714286,2178.985119047619,9031.559523809525,-673.6309523809523,1009.0386904761905,8851.351190476189
2018-07-08,46521.79761904762,3338.910714285714,38869.75892857143,1375.3660714285713,1903.0684523809523,8173.5625,-525.8452380952381,1040.092261904762,7653.116071428571
2018-07-15,46324.10416666667,3302.747023809524,39348.59821428572,1596.2410714285713,2065.7499999999995,7195.607142857143,-424.3690476190476,1085.6636904761906,7846.133928571428
2018-07-22,45949.30654761905,3332.1666666666665,42039.5,1296.1517857142858,1783.5148809523812,6788.086309523809,-577.4523809523808,1104.8690476190477,9817.529761904763
2018-07-29,46532.75297619047,3881.2589285714284,41416.895833333336,1496.2023809523812,1954.9642857142858,6316.264880952381,-819.7351190476192,1133.7291666666667,8846.82738095238
2018-08-05,45752.267857142855,3896.5446428571427,38955.5238095238,1649.9464285714287,2002.6458333333337,5733.181547619048,-707.1666666666666,1126.669642857143,6905.077380952382
2018-08-12,42439.04464285715,3187.1845238095234,37085.78869047619,2175.1488095238096,1767.830357142857,5134.377976190476,-773.4613095238095,1064.4494047619048,7202.273809523809
2018-08-19,40450.82142857143,2071.848214285714,37650.967261904756,1793.0714285714282,1801.3541666666667,5129.705357142857,-826.7321428571429,1082.0565476190475,8251.449404761905
2018-08-26,43359.34226190477,3139.7410714285716,34595.32738095238,1862.169642857143,1705.5625,5113.467261904762,-619.6369047619048,1081.3363095238094,3518.625
2018-09-02,44405.68154761905,3777.416666666667,36069.455357142855,1848.3244047619046,1743.452380952381,4818.880952380953,-607.6220238095237,1101.8511904761906,4346.077380952381
2018-09-09,44982.84821428572,3486.095238095238,41857.87202380952,1232.4285714285713,1606.5029761904764,4118.776785714285,-734.3839285714286,1078.142857142857,7662.586309523809
2018-09-16,45396.205357142855,2745.2916666666665,44196.2886904762,1219.8422619047617,1622.2232142857144,4556.008928571428,-832.5,1091.642857142857,9202.592261904761
2018-09-23,45460.82440476191,2877.059523809524,41162.985119047626,3882.032738095238,1473.6369047619048,4012.244047619048,-919.7767857142856,1084.0089285714287,8111.366071428572
2018-09-30,46066.54761904762,2511.339285714286,41549.80952380952,2749.3660714285716,1713.9107142857144,4087.008928571429,-905.8750000000001,1111.3184523809527,6750.330357142856
2018-10-07,47199.71428571428,3921.1755952380954,41456.84821428572,3113.791666666667,1398.7589285714287,3644.2023809523807,-974.6607142857143,1023.5327380952382,6383.934523809524
2018-10-14,46492.6369047619,4222.791666666666,40611.9255952381,3871.1339285714284,1124.0089285714287,3595.363095238095,-1005.9464285714286,977.2767857142857,6903.916666666666
2018-10-21,46667.35119047619,5043.880952380953,42868.71428571428,2226.9464285714284,1108.9374999999998,3761.5833333333344,-952.889880952381,1063.080357142857,8452.901785714286
2018-10-28,51854.00297619047,5592.910714285715,43241.32440476191,3437.0535714285716,969.9136904761905,3856.9285714285716,-905.0833333333334,1053.0982142857142,5392.142857142857
2018-11-04,58498.702380952374,6615.375,44819.43154761905,3554.175595238096,743.5059523809524,4848.142857142856,-840.2470238095239,1082.514880952381,2324.1964285714284
2018-11-11,56030.2619047619,6407.467261904762,45150.267857142855,5702.758928571428,603.6785714285714,4947.633928571428,-1027.232142857143,1073.279761904762,6827.592261904762
2018-11-18,57246.74107142857,7150.91369047619,44004.69940476191,3347.0148809523807,751.4255952380952,5212.5744047619055,-882.5714285714286,1094.547619047619,3431.863095238095
2018-11-25,67192.95535714286,9574.145833333334,45213.705357142855,2877.0059523809527,599.0416666666666,6490.446428571428,-945.1636904761905,1128.3511904761904,-2255.4226190476193
2018-12-02,63235.80952380953,7591.4047619047615,48011.854166666664,5693.4375,473.68154761904765,5218.017857142857,-900.5416666666669,1107.3005952380952,3959.3452380952376
2018-12-09,59325.21428571428,5707.107142857144,49752.55952380952,7387.943452380953,375.58333333333337,6468.505952380953,-1001.9136904761906,1143.9166666666667,10508.488095238094
2018-12-16,70325.5,7801.830357142857,53454.74702380952,3103.7440476190473,377.4017857142857,8088.285714285715,-694.9494047619047,1120.110119047619,2925.669642857142
2018-12-23,64105.556547619046,5789.0297619047615,52522.72916666667,7136.520833333333,353.68154761904765,7203.818452380952,-867.7321428571429,1125.0714285714287,9157.562500000002
2018-12-30,62586.842261904756,4839.994047619048,54374.9375,1642.7113095238094,440.3125,6787.88988095238,-899.4702380952382,1138.5654761904764,5738.098214285716
2019-01-06,67526.44642857143,6958.967261904762,55074.1130952381,2506.6636904761904,583.0208333333334,5156.75,-964.0773809523811,1139.0565476190477,2928.0476190476193
2019-01-13,72122.34226190476,7897.964285714285,54312.294642857145,5123.761904761904,482.12202380952385,6042.252976190475,-701.5,1133.6517857142858,2168.2053571428573
2019-01-20,70822.92559523809,9175.645833333334,52086.31547619048,3429.5208333333335,643.2113095238094,6823.035714285715,-596.6666666666667,1141.529761904762,1879.6666666666665
2019-01-27,74944.15476190475,9063.157738095239,53933.48809523809,4509.434523809524,552.0000000000001,7559.732142857142,-767.2410714285714,1132.217261904762,1038.6339285714287
2019-02-03,74006.08928571429,8559.255952380952,55180.047619047626,4673.470238095238,502.32440476190476,7731.470238095238,-660.5446428571428,1113.5,3093.4345238095234
2019-02-10,69909.59523809525,6969.809523809524,54317.657738095244,6992.214285714284,749.2410714285714,7358.633928571428,-849.4315476190477,1134.9494047619048,6763.479166666666
2019-02-17,66686.72023809524,7562.428571428572,53653.83630952381,2848.7648809523807,1394.3958333333335,7784.889880952382,-638.0654761904761,1132.139880952381,7051.669642857143
2019-02-24,61244.42261904762,6903.690476190475,52673.69642857142,2083.1160714285716,1403.0744047619048,7526.244047619048,-572.9613095238095,1183.3541666666667,9955.791666666668
2019-03-03,57730.5505952381,5778.46130952381,50637.61607142858,4763.714285714285,1331.3809523809525,6795.443452380952,-662.9910714285714,1185.5386904761906,12098.613095238095
2019-03-10,58945.86904761905,3195.735119047619,48095.321428571435,8791.565476190475,1008.1011904761905,6604.491071428572,-952.422619047619,1156.5833333333333,8953.505952380952
2019-03-17,60280.3869047619,3244.4851190476193,47095.57738095238,9777.723214285716,1282.1815476190475,7617.907738095238,-993.8869047619047,1169.3601190476193,8912.96130952381
2019-03-24,57903.59226190475,6278.806547619048,47371.3244047619,1678.6547619047617,1799.330357142857,7750.508928571429,-493.8065476190476,1161.0833333333333,7642.309523809522
2019-03-31,54778.0238095238,5100.2410714285725,48648.532738095244,3123.535714285714,2052.7410714285716,5845.327380952381,-553.5327380952382,1131.705357142857,10570.526785714286
2019-04-07,55878.526785714275,3679.4553571428573,45020.217261904756,2851.4404761904766,1245.2619047619048,6862.443452380952,-482.5148809523809,1035.8333333333335,4333.610119047619
2019-04-14,55686.01488095238,3716.8363095238096,45832.06249999999,2766.9851190476193,1722.0178571428573,5756.964285714287,-445.99702380952385,1021.6130952380953,4684.467261904762
2019-04-21,50329.85416666667,3168.7767857142862,43549.05952380953,3010.776785714286,1698.8392857142856,5620.889880952382,-579.9136904761905,1043.485119047619,7182.059523809525
2019-04-28,47661.755952380954,1071.467261904762,41808.836309523824,4754.755952380952,1404.2767857142858,6193.717261904762,-805.0178571428571,1076.032738095238,7842.3125
2019-05-05,49294.02678571428,2405.4910714285716,43816.577380952374,2525.6785714285716,1818.3869047619046,6832.636904761904,-872.0535714285714,1117.5119047619048,8350.20238095238
2019-05-12,49930.47321428572,2871.4583333333335,42489.18154761905,4058.6726190476193,1765.1130952380954,7478.922619047618,-885.4166666666666,1110.0357142857142,8957.494047619048
2019-05-19,47843.00892857143,2892.9375,43013.81547619048,3594.3720238095234,1908.7440476190477,7009.660714285715,-766.4226190476189,1088.017857142857,10898.11607142857
2019-05-26,46019.32738095238,2968.395833333333,42172.3125,1747.0684523809525,1864.5833333333335,7988.931547619048,-641.4583333333333,1085.794642857143,11166.300595238095
2019-06-02,43646.1369047619,1799.044642857143,39668.24702380953,2101.345238095238,2145.2886904761904,7920.339285714285,-790.8303571428571,1103.092261904762,10300.389880952382
2019-06-09,44528.30357142857,2266.5773809523807,37847.59523809523,3806.6339285714284,1891.154761904762,7710.250000000001,-821.8154761904763,1053.8541666666665,9225.94642857143
2019-06-16,44327.63988095238,2481.1011904761904,40325.857142857145,2243.0863095238096,1757.8869047619046,8560.339285714286,-696.0327380952382,1015.154761904762,11359.752976190477
2019-06-23,44700.892857142855,2441.589285714286,40667.40476190477,1836.107142857143,2066.4434523809527,8217.761904761905,-752.4821428571429,1023.5803571428571,10799.511904761905
2019-06-30,47890.47321428572,2834.2321428571427,40921.294642857145,2799.2886904761904,2182.5446428571427,7772.514880952381,-650.4642857142856,979.3035714285714,8948.241071428572
2019-07-07,47034.994047619046,2646.0059523809527,40484.19940476191,2051.5059523809527,2129.5744047619046,7002.880952380952,-535.297619047619,1039.125,7783.0
2019-07-14,45887.43154761905,3356.372023809524,40409.23809523809,2411.029761904762,2140.1428571428573,5942.892857142857,-524.4107142857143,1087.9315476190477,8935.764880952383
2019-07-21,45845.79761904762,4365.6875,39556.43154761905,1896.330357142857,2173.0416666666665,5121.330357142856,-513.7202380952382,1096.1994047619048,7849.502976190475
2019-07-28,46894.46428571428,4705.904761904762,36714.080357142855,2256.779761904762,1880.1964285714287,5579.886904761904,-484.9910714285715,1051.642857142857,4809.035714285715
2019-08-04,42868.02083333333,3451.2470238095234,38416.77083333332,2171.6488095238096,2175.25,5043.565476190476,-709.8035714285714,1116.6339285714287,8797.291666666668
2019-08-11,41718.26190476191,2465.8124999999995,36596.193452380954,3048.1101190476193,1806.9910714285713,5053.4702380952385,-758.6517857142857,1134.4464285714287,7628.110119047617
2019-08-18,39287.1875,1407.0684523809523,36300.01190476191,3453.711309523809,1873.580357142857,4690.172619047619,-841.8720238095237,1230.4315476190475,8825.916666666668
2019-08-25,41971.619047619046,2850.6636904761904,37306.735119047626,1459.3452380952383,2015.875,5321.809523809524,-693.0535714285714,1265.235119047619,7554.991071428571
2019-09-01,45145.28571428572,4166.755952380952,38047.3630952381,1383.1607142857142,1767.732142857143,5177.339285714285,-727.0119047619047,1121.5357142857142,5791.589285714287
2019-09-08,44339.53869047619,4481.333333333333,38613.13988095238,2634.2797619047624,2028.6101190476188,3937.089285714286,-818.3809523809523,1109.904761904762,7646.4375
2019-09-15,44780.0119047619,4118.095238095238,40639.29166666667,1558.2886904761906,1775.3779761904764,3680.648809523809,-809.1904761904761,1109.5,7292.0
2019-09-22,44525.96130952381,3918.7708333333326,37402.93452380952,4402.633928571428,1679.9583333333335,3264.193452380952,-758.842261904762,1049.8422619047622,6433.5297619047615
2019-09-29,44669.15476190477,3280.9970238095234,36434.181547619046,6119.672619047618,1282.8630952380954,3295.2976190476193,-621.8898809523808,1030.982142857143,6152.949404761904
2019-10-06,46423.44047619048,3597.934523809524,39806.77083333333,4507.696428571428,1267.392857142857,3388.657738095238,-600.580357142857,994.9374999999999,6539.369047619047
2019-10-13,47171.46428571428,3377.0,39029.89583333333,5766.229166666665,1355.657738095238,3762.705357142858,-686.8005952380953,1005.6815476190476,6438.904761904762
2019-10-20,47521.119047619046,4815.8005952380945,38571.05357142857,5004.586309523809,884.4970238095239,4797.96130952381,-685.360119047619,1039.0119047619048,6906.431547619047
2019-10-27,49749.14285714285,4033.2886904761904,38510.041666666664,3838.961309523809,921.830357142857,7001.592261904763,-866.7023809523808,1068.1190476190475,4757.9880952380945
2019-11-03,50816.20833333333,5178.702380952381,38101.110119047626,4815.535714285715,638.9880952380952,6907.357142857143,-786.7321428571429,1112.782738095238,5151.535714285715
2019-11-10,57704.55952380953,7180.464285714285,39705.56845238095,4054.020833333333,721.8869047619047,9685.511904761905,-781.9880952380953,1115.0535714285713,3975.958333333333
2019-11-17,64520.59821428572,9659.99404761905,40599.6875,3637.535714285714,648.4464285714286,8922.467261904761,-784.919642857143,1118.032738095238,-719.3541666666667
2019-11-24,65749.69047619047,8931.75,40816.63690476191,3904.485119047619,613.4821428571429,8898.09523809524,-736.6755952380954,1121.279761904762,-2200.6369047619046
2019-12-01,60534.17857142858,6992.791666666667,42781.404761904756,5553.985119047619,569.3333333333334,9043.086309523811,-985.3898809523808,1113.092261904762,4534.125000000001
2019-12-08,68468.80952380953,9420.288690476193,43258.08928571428,4352.6875,671.592261904762,9936.181547619048,-786.7738095238095,1131.4404761904764,-485.30357142857156
2019-12-15,65997.87202380953,6211.869047619048,43791.3125,8783.54761904762,509.50892857142856,10164.818452380952,-978.8958333333331,1126.1190476190475,3610.407738095239
2019-12-22,59357.03273809523,4546.7172619047615,42863.8125,8263.544642857143,446.5625,10928.410714285714,-1128.217261904762,1132.0833333333333,7695.880952380952
2019-12-29,56816.392857142855,3180.872023809524,46153.556547619046,5303.851190476191,624.8898809523808,10866.931547619048,-1050.2500000000002,1151.455357142857,9414.913690476193
2020-01-05,63376.84523809525,6290.622023809524,49512.93749999999,2955.008928571429,627.1607142857143,8763.904761904761,-946.6785714285716,1154.747023809524,4980.857142857143
2020-01-12,65124.607142857145,6481.303571428572,51031.806547619046,5234.122023809524,651.3511904761905,7873.291666666665,-842.0952380952382,1157.0565476190475,6462.229166666666
2020-01-19,65327.544642857145,6864.202380952381,50126.53571428572,7465.026785714285,681.7738095238095,7642.711309523809,-626.0892857142857,1145.6785714285713,7972.294642857142
2020-01-26,71518.33630952382,9319.619047619046,50704.9494047619,3448.982142857142,598.8541666666667,9820.946428571431,-402.35416666666663,1137.8898809523812,3110.550595238095
2020-02-02,63355.544642857145,6052.023809523809,48038.66071428572,8937.166666666666,575.0565476190476,8301.842261904761,-1077.8363095238096,1147.0297619047617,8618.39880952381
2020-02-09,63144.03869047619,6160.306547619047,50564.05357142857,6407.407738095238,1032.720238095238,9310.532738095239,-930.7291666666669,1125.9315476190475,10526.184523809523
2020-02-16,62016.452380952374,5361.255952380953,47362.85416666667,9618.232142857143,930.514880952381,8712.997023809523,-1087.8869047619048,1151.172619047619,10032.6875
2020-02-23,61517.297619047626,5070.818452380952,46873.52380952381,8173.607142857143,1221.297619047619,8772.51488095238,-1008.9642857142857,1155.8214285714287,8741.32142857143
2020-03-01,62625.78273809523,5635.714285714285,45482.85119047619,9362.285714285714,905.6547619047618,9578.086309523811,-757.8809523809523,1134.2380952380952,8715.166666666666
2020-03-08,64135.32738095238,6824.979166666667,45756.44345238095,5998.270833333333,842.1666666666669,10801.190476190477,-603.0684523809524,1136.815476190476,6621.470238095238
2020-03-15,58211.80654761905,5368.485119047619,42019.050595238106,7052.479166666667,1313.919642857143,10510.232142857145,-857.0029761904761,1184.1220238095236,8379.479166666668
2020-03-22,49315.45833333333,4781.202380952381,39174.57142857143,3861.8035714285716,1502.1636904761904,9823.327380952382,-755.8214285714287,1185.3779761904764,10257.166666666668
2020-03-29,50302.45535714285,3095.773809523809,38188.1994047619,6123.645833333333,1730.7172619047622,8436.369047619048,-839.8898809523808,1180.375,7612.735119047618
2020-04-05,50178.702380952374,2110.252976190476,39468.42261904762,4718.8869047619055,1894.1755952380954,8307.252976190477,-578.6339285714286,1135.9345238095239,6877.589285714285
2020-04-12,41189.59226190477,616.8065476190476,39176.96130952381,2081.8363095238096,1968.1130952380954,6607.535714285715,-687.7083333333333,1115.5505952380952,9689.502976190473
2020-04-19,40494.080357142855,640.0684523809524,36391.21428571428,3740.860119047619,1687.1339285714287,6473.494047619048,-876.0416666666666,1127.375,8690.023809523807
2020-04-26,40665.68452380953,592.8541666666667,35454.57738095238,2510.6964285714284,1470.514880952381,6797.372023809524,-985.2172619047618,1158.875,6333.9880952380945
2020-05-03,41348.95238095238,721.5654761904763,33851.952380952374,4821.187500000001,1418.497023809524,7837.785714285715,-1068.0238095238096,1128.8035714285716,7362.815476190475
2020-05-10,39996.895833333336,1293.794642857143,34768.80357142857,2365.5714285714284,1940.1577380952383,9061.113095238095,-683.4255952380952,1098.678571428571,9847.797619047618
2020-05-17,43779.62202380952,1726.9345238095236,33744.22023809524,5307.163690476191,1649.955357142857,10113.809523809525,-833.5178571428571,1082.7559523809525,9011.699404761905
2020-05-24,39885.05654761905,1850.4970238095236,32453.187500000004,2563.4077380952376,2324.2440476190477,8790.857142857143,-821.2946428571429,1141.2857142857142,8417.127976190475
2020-05-31,40863.946428571435,1994.6071428571427,32601.76785714286,3693.1577380952376,2551.7023809523807,8206.744047619048,-662.7946428571429,1138.5863095238094,8659.824404761905
2020-06-07,40952.0625,2140.895833333333,32013.750000000004,3501.041666666667,1852.7142857142858,8265.238095238094,-860.6041666666667,1125.3988095238096,7086.372023809522
2020-06-14,42548.8630952381,3662.663690476191,30228.026785714286,2651.104166666667,1762.4166666666665,9498.592261904761,-451.3244047619047,1110.5625,5913.178571428571
2020-06-21,42436.181547619046,3824.142857142858,29431.604166666668,1750.848214285714,2092.3541666666665,9467.601190476189,-516.6607142857142,1110.3541666666665,4724.0625
2020-06-28,43491.16071428572,3772.2767857142862,27748.184523809523,3062.5744047619046,2283.9821428571427,8353.60119047619,-537.985119047619,1075.767857142857,2267.2410714285716
2020-07-05,43502.544642857145,3120.244047619047,26219.66369047619,4602.4077380952385,2054.6309523809523,7539.25,-514.1696428571429,1070.0714285714287,589.5535714285713
2020-07-12,44201.87797619047,3335.4196428571436,28678.14285714286,2907.2053571428573,2468.098214285714,6691.080357142857,-361.91666666666663,1120.1160714285713,636.2678571428571
2020-07-19,42739.29166666667,3852.666666666667,31666.49404761905,1646.9285714285713,2145.657738095238,5955.464285714285,-304.202380952381,1130.625,3354.3422619047624
2020-07-26,44397.91666666668,3824.2857142857147,32349.416666666664,2528.800595238095,2262.3958333333335,5423.020833333334,-347.9494047619047,1127.3273809523807,2769.3809523809527
2020-08-02,44220.3630952381,3701.497023809524,31049.514880952374,2748.315476190476,2173.598214285714,5579.16369047619,-340.8869047619047,1097.845238095238,1788.6845238095234
2020-08-09,41777.907738095244,3028.3839285714284,31223.339285714286,1579.235119047619,2369.559523809524,5721.886904761906,-455.7767857142857,1050.639880952381,2739.360119047619
2020-08-16,41605.52678571428,3626.9404761904766,31739.577380952378,1431.6249999999998,1838.797619047619,5063.648809523809,-479.4613095238095,1056.2529761904764,2671.8541666666665
2020-08-23,41881.818452380954,3406.5714285714284,30839.65773809524,3748.6964285714284,1966.6607142857142,4702.782738095238,-681.5119047619047,1092.8779761904764,3193.9166666666665
2020-08-30,42827.48809523809,3545.5059523809527,29485.827380952385,4368.369047619048,1787.5238095238094,4085.7261904761904,-591.7678571428571,1115.1369047619048,968.8333333333334
2020-09-06,43265.5,3710.976190476191,28489.3244047619,1659.7857142857144,2082.0833333333335,4929.758928571428,-654.6011904761906,1101.4732142857144,-1946.6994047619048
2020-09-13,43746.09821428572,4289.815476190476,29385.34821428571,1114.9851190476188,1977.419642857143,4129.455357142857,-639.6934523809523,1085.794642857143,-2402.973214285714
2020-09-20,44412.095238095244,3815.6011904761904,29251.782738095237,2982.029761904762,1642.5416666666663,4362.964285714285,-588.7589285714286,996.7886904761906,-1949.1458333333335
2020-09-27,44761.985119047626,3584.625,31419.9880952381,6170.648809523809,1141.4434523809523,4541.895833333333,-636.0863095238094,1017.717261904762,2478.247023809524
2020-10-04,48336.70238095239,4013.0833333333335,34009.642857142855,4835.919642857144,1063.9494047619048,6445.821428571428,-685.5059523809523,966.5803571428571,2312.7886904761904
2020-10-11,49466.74702380952,2680.2678571428573,36696.25000000001,6292.6755952380945,1124.9583333333335,6874.8422619047615,-967.9345238095237,963.857142857143,4198.169642857143
2020-10-18,54080.2857142857,4521.190476190477,39693.89880952381,2548.285714285714,1196.1934523809523,6705.556547619048,-531.922619047619,993.6190476190476,1046.5357142857144
2020-10-25,50654.98511904762,3172.4821428571427,38287.16071428572,6874.684523809524,833.8839285714286,6482.773809523809,-866.985119047619,993.4732142857143,5122.4880952380945
2020-11-01,51850.53571428572,2681.827380952381,39604.5625,7589.312500000001,969.6696428571429,7469.023809523809,-815.6160714285716,1056.8392857142858,6705.083333333333
2020-11-08,52906.06547619048,4834.056547619048,41883.80952380953,5204.556547619048,889.8035714285714,6338.491071428572,-782.3303571428571,1076.8184523809525,6539.139880952382
2020-11-15,50366.89880952381,5337.684523809525,43203.369047619046,4861.104166666667,867.1755952380952,6195.3869047619055,-698.9821428571429,1097.3630952380952,10496.202380952382
2020-11-22,56276.758928571435,6150.922619047619,44785.714285714275,4277.25,1017.7916666666667,5611.285714285715,-767.4970238095239,1056.3065476190475,5855.014880952382
2020-11-29,60409.31547619048,8090.324404761904,45892.78571428572,2791.089285714286,853.2916666666666,6768.20238095238,-642.8839285714287,1092.654761904762,4436.14880952381
2020-12-06,66395.05952380953,8857.24107142857,45641.72916666667,5053.845238095238,519.0833333333334,7017.2619047619055,-691.7678571428571,1097.0535714285713,1099.3869047619046
2020-12-13,67811.64583333333,8500.333333333332,45335.3869047619,4267.380952380952,468.8660714285714,8039.514880952381,-745.6607142857144,1088.5982142857142,-857.2261904761905
2020-12-20,61096.53571428572,6741.181547619048,45320.657738095244,6026.002976190476,470.8363095238096,8305.565476190477,-801.2767857142857,1103.6577380952383,6070.089285714287
2020-12-27,59012.79166666667,3162.913690476191,47273.422619047626,8566.779761904761,450.73214285714283,7202.401785714285,-1179.6607142857142,1120.9285714285718,7584.726190476191
2021-01-03,65923.02976190475,4867.413690476191,49701.300595238106,3626.7053571428573,461.2470238095238,7183.494047619048,-812.5654761904763,1105.875,210.4404761904762
2021-01-10,77322.125,9816.872023809523,51644.958333333336,2645.851190476191,556.1071428571429,9538.357142857143,-542.5,1121.6339285714287,-2540.845238095238
2021-01-17,72812.34523809524,9458.00595238095,50672.05654761904,6137.622023809524,589.8214285714286,9902.940476190475,-563.3303571428572,1120.2916666666665,4505.062499999999
2021-01-24,68627.58928571429,5912.854166666669,49071.181547619046,7521.1577380952385,645.095238095238,9396.5625,-740.1101190476192,1133.514880952381,4312.666666666667
2021-01-31,66553.88095238096,6183.217261904762,48132.744047619046,6735.0119047619055,629.3511904761906,11017.74107142857,-665.0714285714286,1137.2172619047617,6616.330357142858
2021-02-07,60834.70535714285,4944.419642857143,48143.44047619047,5187.125,555.8511904761905,10290.934523809525,-975.5803571428572,1117.8124999999998,8429.297619047618
2021-02-14,75195.75,8186.607142857142,47118.44940476191,5850.976190476191,792.8035714285714,12198.49404761905,-599.6577380952382,1083.0625,-565.014880952381
2021-02-21,62296.35714285714,5944.139880952381,43274.9255952381,8344.089285714286,1107.2499999999998,9324.267857142857,-865.7946428571429,1139.8958333333335,5972.416666666667
2021-02-28,55531.139880952374,4760.857142857143,41981.20535714285,5417.7797619047615,1381.4136904761906,8294.395833333334,-746.7857142857143,1174.2708333333335,6731.997023809524
2021-03-07,58439.2380952381,6809.461309523809,41760.744047619046,3047.4613095238096,926.5684523809524,9191.0,-369.14285714285717,1151.3630952380952,4078.217261904761
2021-03-14,59948.056547619046,4725.145833333334,43019.71428571428,8551.080357142857,1092.2708333333335,7409.345238095238,-841.9553571428571,1131.5744047619046,5139.119047619048
2021-03-21,61241.12797619048,5600.678571428572,44278.83333333333,5834.999999999999,1087.0505952380952,8197.261904761905,-680.5029761904761,1080.047619047619,4157.241071428572
2021-03-28,55958.782738095244,4893.916666666666,42401.77083333333,3340.300595238095,1499.125,6911.7619047619055,-731.342261904762,1057.6011904761906,3414.3511904761904
2021-04-04,48021.851190476176,2752.6904761904757,39630.982142857145,4016.2619047619046,2127.247023809524,6204.446428571428,-809.5178571428571,1059.172619047619,6959.431547619047
2021-04-11,54827.586309523824,4184.077380952381,37566.193452380954,4113.979166666667,1925.6369047619046,6089.895833333334,-813.0238095238095,1025.7113095238094,-735.1160714285716
2021-04-18,56443.89583333333,5555.773809523809,37580.4375,3551.0654761904766,2400.1369047619046,5744.229166666667,-460.56845238095235,995.8065476190477,-1077.0148809523812
2021-04-25,48691.86607142857,4295.869047619047,37141.556547619046,3875.5625,2419.041666666667,4335.514880952381,-465.3720238095238,1046.5238095238094,3956.8303571428573
2021-05-02,48290.32142857143,3461.7380952380954,37817.34226190477,2451.9434523809527,1605.7589285714287,5519.8452380952385,-470.6666666666667,1079.2142857142856,3174.854166666667
2021-05-09,48597.44047619047,1954.776785714286,35117.44642857143,5912.401785714285,2193.467261904762,6680.556547619048,-587.375,1054.5357142857142,3728.369047619048
2021-05-16,45412.18452380953,1520.25,37373.24702380952,4499.288690476191,1800.6041666666665,8340.684523809523,-718.4761904761905,1106.8720238095239,8510.285714285714
2021-05-23,47290.154761904756,1627.9017857142856,37570.00297619048,6900.946428571428,2188.342261904762,8965.169642857143,-659.5327380952382,1056.580357142857,10359.25595238095
2021-05-30,44994.8244047619,1488.2380952380954,37946.46428571428,4680.232142857142,2502.104166666667,8495.96130952381,-664.0833333333333,1061.5386904761906,10515.630952380952
2021-06-06,43183.181547619046,1326.7261904761904,38782.68452380953,2290.4851190476193,2231.113095238095,8613.863095238095,-576.4791666666666,1022.5,10507.711309523811
2021-06-13,43842.21726190477,2146.497023809524,38270.76190476191,1244.5327380952383,2705.217261904762,8740.29761904762,-671.6309523809523,1009.889880952381,9603.348214285714
2021-06-20,44858.07440476191,2108.5952380952376,36972.708333333336,2042.6636904761906,2288.5476190476193,8267.0625,-468.64583333333337,962.2559523809525,7315.113095238096
2021-06-27,43551.830357142855,2171.6785714285716,39105.19642857143,1899.517857142857,2085.345238095238,8343.592261904761,-424.1666666666666,1002.6666666666666,10632.0
2021-07-04,43886.64583333333,2559.505952380952,38525.38392857143,1426.3690476190477,2150.7767857142853,8301.199404761905,-371.89285714285717,1132.8809523809523,9837.57738095238
2021-07-11,43980.61607142857,2722.895833333333,37451.919642857145,2371.9970238095234,2389.0119047619046,7458.083333333334,-393.6875,1164.3958333333333,9184.0
2021-07-18,42776.205357142855,1812.6994047619048,37006.8630952381,4170.729166666666,2164.7261904761904,7746.497023809524,-521.7291666666666,1163.5833333333333,10767.163690476193
2021-07-25,44990.7619047619,2269.363095238096,38806.735119047626,2661.092261904762,2694.229166666667,7278.681547619048,-386.6041666666667,1160.532738095238,9493.267857142857
2021-08-01,43044.45833333333,981.654761904762,40192.077380952374,3285.0595238095243,2136.815476190476,6705.473214285715,-557.2678571428571,1270.0595238095236,10969.413690476189
2021-08-08,39803.03571428572,862.1547619047618,36945.48809523809,3212.1934523809527,1891.6785714285713,6549.139880952381,-635.5029761904763,1147.8928571428573,10170.00892857143
2021-08-15,40754.1875,1146.5595238095236,36911.45833333333,1215.1815476190477,2501.7261904761904,6659.636904761904,-472.014880952381,1061.3958333333333,8269.755952380952
2021-08-22,40883.63392857143,1254.1488095238096,40133.52678571428,2319.3511904761904,2038.8184523809525,5319.913690476191,-431.0208333333333,1069.0595238095236,10820.163690476193
2021-08-29,42304.97916666667,1150.9791666666667,40853.59523809523,3610.571428571429,2435.958333333333,4906.479166666666,-512.6666666666667,1081.452380952381,11221.389880952382
2021-09-05,44163.6369047619,2048.002976190476,42246.89880952381,2834.1875,2230.779761904762,4862.9375,-395.7648809523809,1129.154761904762,10792.559523809523
2021-09-12,44676.029761904756,3465.785714285714,41457.31547619047,2149.3749999999995,2120.752976190476,4425.9672619047615,-512.0178571428571,1146.3065476190477,9577.455357142857
2021-09-19,44267.11607142858,3178.226190476191,39569.33928571428,1651.8779761904764,1645.392857142857,5091.440476190476,-524.4940476190476,1106.735119047619,7451.401785714285
2021-09-26,44078.26785714286,2917.7023809523807,39043.82440476191,1679.1964285714287,1962.872023809524,4755.041666666666,-635.639880952381,1052.2857142857142,6697.014880952382
2021-10-03,45417.13392857142,1798.9940476190477,38699.244047619046,5399.2380952380945,1632.1875,3903.9285714285716,-901.2708333333333,1050.0059523809525,6165.193452380952
2021-10-10,47294.29464285715,2902.895833333333,40104.735119047626,4493.0952380952385,1839.6041666666665,5475.130952380953,-755.720238095238,1027.8065476190475,7793.252976190476
2021-10-17,50230.89583333333,3963.1517857142862,43349.40773809523,1803.7857142857144,2037.178571428571,3539.616071428571,-900.3392857142857,1062.9464285714284,4624.85119047619
2021-10-24,50154.154761904756,3586.547619047619,40618.142857142855,5517.163690476191,1616.8184523809523,3906.470238095238,-785.6934523809524,1092.0,5397.294642857144
2021-10-31,51127.470238095244,4020.1815476190486,41803.25297619047,5596.443452380952,1247.3392857142858,3512.699404761905,-837.9255952380952,1139.5624999999998,5354.083333333333
